iso3,Year,inform_ph,gain,inform_ph_class,gain_class
AFG,1995,65,34.7823085160686,Very high,Very high
AFG,1996,65,34.7759129067231,Very high,Very high
AFG,1997,65,34.8550361264959,Very high,Very high
AFG,1998,65,35.0253079706509,Very high,Very high
AFG,1999,65,35.0191504933302,Very high,Very high
AFG,2000,65,35.0157243672438,Very high,Very high
AFG,2001,65,35.4193890709662,Very high,Very high
AFG,2002,65,35.8281798789678,Very high,Very high
AFG,2003,65,36.5915650167329,Very high,Very high
AFG,2004,65,36.2473847546218,Very high,Very high
AFG,2005,65,33.2860427247291,Very high,Very high
AFG,2006,65,31.4534261529217,Very high,Very high
AFG,2007,65,31.3526760228652,Very high,Very high
AFG,2008,65,31.0517326014097,Very high,Very high
AFG,2009,65,31.0451463354681,Very high,Very high
AFG,2010,65,31.8094285473884,Very high,Very high
AFG,2011,65,30.9861619751533,Very high,Very high
AFG,2012,65,32.0778147306183,Very high,Very high
AFG,2013,65,31.9227797042412,Very high,Very high
AFG,2014,65,32.8731258450475,Very high,Very high
AFG,2015,65,33.028578742176,Very high,Very high
AFG,2016,65,33.3146046339394,Very high,Very high
AFG,2017,64,32.5533733273307,High,Very high
AFG,2018,63,32.4335856772514,High,Very high
AFG,2019,63,32.9906447048386,High,Very high
AFG,2020,64,32.7223354067003,High,Very high
AFG,2021,63,33.006630763939,High,Very high
AFG,2022,63,33.207456275516,High,Very high
AFG,2023,64,33.207456275516,High,Very high
AFG,2024,64,33.207456275516,High,Very high
AFG,2025,64,33.207456275516,High,Very high
AGO,1995,45,34.7231529132438,Medium,Very high
AGO,1996,45,34.712670931379,Medium,Very high
AGO,1997,45,34.656006732645,Medium,Very high
AGO,1998,45,34.5986376796869,Medium,Very high
AGO,1999,45,34.6337752481664,Medium,Very high
AGO,2000,45,34.6648858260715,Medium,Very high
AGO,2001,45,34.9461881878328,Medium,Very high
AGO,2002,45,35.437653721295,Medium,Very high
AGO,2003,45,36.1014759718217,Medium,Very high
AGO,2004,45,36.1504519183259,Medium,Very high
AGO,2005,45,35.6147518089055,Medium,Very high
AGO,2006,45,34.3031055717587,Medium,Very high
AGO,2007,45,34.6737348348131,Medium,Very high
AGO,2008,45,34.9655429866258,Medium,Very high
AGO,2009,45,35.1595875599077,Medium,Very high
AGO,2010,45,34.3683329055388,Medium,Very high
AGO,2011,45,34.3182658672103,Medium,Very high
AGO,2012,45,35.1094419116591,Medium,Very high
AGO,2013,45,35.45180390657,Medium,Very high
AGO,2014,45,35.6044072621265,Medium,Very high
AGO,2015,45,35.2905201955437,Medium,Very high
AGO,2016,45,36.6323810028464,Medium,Very high
AGO,2017,43,36.7046051075519,Medium,Very high
AGO,2018,43,37.1630256426943,Medium,Very high
AGO,2019,43,37.3478596933287,Medium,Very high
AGO,2020,42,37.3588793455526,Medium,Very high
AGO,2021,42,37.8705868667708,Medium,Very high
AGO,2022,42,38.0795161577184,Medium,Very high
AGO,2023,42,38.0795161577184,Medium,Very high
AGO,2024,42,38.0795161577184,Medium,Very high
AGO,2025,42,38.0795161577184,Medium,Very high
ALB,1995,47,43.6766225738957,Medium,High
ALB,1996,47,43.659503355493,Medium,High
ALB,1997,47,43.5966492647092,Medium,High
ALB,1998,47,43.3429570855437,Medium,High
ALB,1999,47,43.0515035819729,Medium,High
ALB,2000,47,43.1910093914019,Medium,High
ALB,2001,47,43.4112235625904,Medium,High
ALB,2002,47,43.8335228821676,Medium,High
ALB,2003,47,43.8075365762798,Medium,High
ALB,2004,47,44.4792637611005,Medium,High
ALB,2005,47,44.1211078476597,Medium,High
ALB,2006,47,43.5942712664272,Medium,High
ALB,2007,47,44.2474539422846,Medium,High
ALB,2008,47,45.0389080514397,Medium,Medium
ALB,2009,47,46.04021755015,Medium,Medium
ALB,2010,47,46.5719257187394,Medium,Medium
ALB,2011,47,46.628944791363,Medium,Medium
ALB,2012,47,47.4077913807324,Medium,Medium
ALB,2013,47,48.0351586693694,Medium,Medium
ALB,2014,47,49.5066756219066,Medium,Medium
ALB,2015,47,49.9631991831761,Medium,Medium
ALB,2016,47,49.6255283905599,Medium,Medium
ALB,2017,47,49.5751526815344,Medium,Medium
ALB,2018,46,50.1005898519446,Medium,Low
ALB,2019,46,50.0257068551729,Medium,Low
ALB,2020,47,50.3446071978307,Medium,Low
ALB,2021,47,51.1877917185498,Medium,Low
ALB,2022,46,51.7571799900884,Medium,Low
ALB,2023,46,51.7571799900884,Medium,Low
ALB,2024,46,51.7571799900884,Medium,Low
ALB,2025,46,51.7571799900884,Medium,Low
AND,1995,,,,
AND,1996,,,,
AND,1997,,,,
AND,1998,,,,
AND,1999,,,,
AND,2000,,,,
AND,2001,,,,
AND,2002,,,,
AND,2003,,,,
AND,2004,,,,
AND,2005,,,,
AND,2006,,,,
AND,2007,,,,
AND,2008,,,,
AND,2009,,,,
AND,2010,,,,
AND,2011,,,,
AND,2012,,,,
AND,2013,,,,
AND,2014,,,,
AND,2015,,,,
AND,2016,,,,
AND,2017,,,,
AND,2018,,,,
AND,2019,,,,
AND,2020,,,,
AND,2021,,,,
AND,2022,,,,
ARE,1995,23,49.3005658708167,Low,Medium
ARE,1996,23,49.3364214123888,Low,Medium
ARE,1997,23,49.3967336582566,Low,Medium
ARE,1998,23,49.5301180400754,Low,Medium
ARE,1999,23,49.7794334580475,Low,Medium
ARE,2000,23,50.118683157599,Low,Low
ARE,2001,23,50.9827572842843,Low,Low
ARE,2002,23,51.7884666832081,Low,Low
ARE,2003,23,51.1373831378722,Low,Low
ARE,2004,23,51.2548053054659,Low,Low
ARE,2005,23,51.8117090101913,Low,Low
ARE,2006,23,53.778536055873,Low,Low
ARE,2007,23,54.1845399075374,Low,Low
ARE,2008,23,54.2516990358212,Low,Low
ARE,2009,23,53.9789815915327,Low,Low
ARE,2010,23,55.2869924770583,Low,Low
ARE,2011,23,55.9649132219692,Low,Low
ARE,2012,23,56.4221371203735,Low,Low
ARE,2013,23,57.7283717796687,Low,Low
ARE,2014,23,58.9787424812743,Low,Low
ARE,2015,23,59.065011553257,Low,Low
ARE,2016,23,58.3962341390979,Low,Low
ARE,2017,23,58.7499919626093,Low,Low
ARE,2018,23,58.8224689130535,Low,Low
ARE,2019,23,58.9929070334848,Low,Low
ARE,2020,23,59.9671605119507,Low,Low
ARE,2021,23,60.1621657654257,Low,Very low
ARE,2022,23,60.2745889075043,Low,Very low
ARE,2023,23,60.2745889075043,Low,Very low
ARE,2024,23,60.2745889075043,Low,Very low
ARE,2025,23,60.2745889075043,Low,Very low
ARG,1995,36,49.1027537489918,Medium,Medium
ARG,1996,36,49.2486823694183,Medium,Medium
ARG,1997,36,48.9824008169866,Medium,Medium
ARG,1998,36,48.8018290636085,Medium,Medium
ARG,1999,36,48.8457249385204,Medium,Medium
ARG,2000,36,48.9528342064738,Medium,Medium
ARG,2001,36,47.5996676889077,Medium,Medium
ARG,2002,36,46.6253248051265,Medium,Medium
ARG,2003,36,47.2125678925815,Medium,Medium
ARG,2004,36,47.1361757106643,Medium,Medium
ARG,2005,36,48.5272971876445,Medium,Medium
ARG,2006,36,47.400722499398,Medium,Medium
ARG,2007,36,47.9836882743348,Medium,Medium
ARG,2008,36,47.6045555965812,Medium,Medium
ARG,2009,36,47.483564405645,Medium,Medium
ARG,2010,36,47.9457688208132,Medium,Medium
ARG,2011,36,48.036248485189,Medium,Medium
ARG,2012,36,47.7785865036977,Medium,Medium
ARG,2013,36,47.365009968074,Medium,Medium
ARG,2014,36,46.946743204752,Medium,Medium
ARG,2015,36,47.1286098001484,Medium,Medium
ARG,2016,36,48.8852800945864,Medium,Medium
ARG,2017,36,49.0291682230655,Medium,Medium
ARG,2018,36,50.22120353164,Medium,Low
ARG,2019,36,50.2136238525796,Medium,Low
ARG,2020,36,50.5762798213528,Medium,Low
ARG,2021,38,50.2155828807184,Medium,Low
ARG,2022,37,50.2061022069771,Medium,Low
ARG,2023,37,50.2061022069771,Medium,Low
ARG,2024,37,50.2061022069771,Medium,Low
ARG,2025,37,50.2061022069771,Medium,Low
ARM,1995,43,48.7226174038474,Medium,Medium
ARM,1996,43,49.0336582567076,Medium,Medium
ARM,1997,43,48.5293426641456,Medium,Medium
ARM,1998,43,49.0296650869005,Medium,Medium
ARM,1999,43,49.530760139281,Medium,Medium
ARM,2000,43,49.6498563017512,Medium,Medium
ARM,2001,43,49.8479397162873,Medium,Medium
ARM,2002,43,51.598346593125,Medium,Low
ARM,2003,43,52.307056896395,Medium,Low
ARM,2004,43,51.5897296261789,Medium,Low
ARM,2005,43,52.4642048568712,Medium,Low
ARM,2006,43,51.7336103026056,Medium,Low
ARM,2007,43,51.9877573779507,Medium,Low
ARM,2008,43,53.3062666187024,Medium,Low
ARM,2009,43,53.0583570780132,Medium,Low
ARM,2010,43,53.3901028234637,Medium,Low
ARM,2011,43,53.3422332107256,Medium,Low
ARM,2012,43,53.7307673580268,Medium,Low
ARM,2013,43,54.5285274051253,Medium,Low
ARM,2014,43,55.3902817254981,Medium,Low
ARM,2015,43,55.7320346927461,Medium,Low
ARM,2016,43,56.2112088716829,Medium,Low
ARM,2017,43,56.3281285065245,Medium,Low
ARM,2018,42,56.5222085593684,Medium,Low
ARM,2019,42,57.0300297956402,Medium,Low
ARM,2020,41,56.601895317088,Medium,Low
ARM,2021,41,56.9206062876871,Medium,Low
ARM,2022,41,56.9507577620642,Medium,Low
ARM,2023,41,56.9507577620642,Medium,Low
ARM,2024,41,56.9507577620642,Medium,Low
ARM,2025,41,56.9507577620642,Medium,Low
ATG,1995,36,48.4474382910899,Medium,Medium
ATG,1996,36,48.490284725591,Medium,Medium
ATG,1997,36,48.5804725748701,Medium,Medium
ATG,1998,36,48.6250720071502,Medium,Medium
ATG,1999,36,48.6419044588263,Medium,Medium
ATG,2000,36,48.7640388806855,Medium,Medium
ATG,2001,36,48.8664876788492,Medium,Medium
ATG,2002,36,49.105106797552,Medium,Medium
ATG,2003,36,49.3091086245702,Medium,Medium
ATG,2004,36,49.3592454068968,Medium,Medium
ATG,2005,36,49.9751530717745,Medium,Medium
ATG,2006,36,49.1746289054824,Medium,Medium
ATG,2007,36,49.3482949889379,Medium,Medium
ATG,2008,36,49.7134904049035,Medium,Medium
ATG,2009,36,49.9031841138951,Medium,Medium
ATG,2010,36,50.3062842933553,Medium,Low
ATG,2011,36,49.862102508436,Medium,Medium
ATG,2012,36,50.105227004793,Medium,Low
ATG,2013,36,50.0206526099809,Medium,Low
ATG,2014,36,49.1799802202366,Medium,Medium
ATG,2015,36,49.3458255678989,Medium,Medium
ATG,2016,36,49.1242235153955,Medium,Medium
ATG,2017,36,48.2905226743238,Medium,Medium
ATG,2018,35,48.8047513229144,Medium,Medium
ATG,2019,36,49.295450678971,Medium,Medium
ATG,2020,33,49.061621939544,Low,Medium
ATG,2021,33,48.854872777506,Low,Medium
ATG,2022,33,49.0753984025133,Low,Medium
ATG,2023,33,49.0753984025133,Low,Medium
ATG,2024,33,49.0753984025133,Low,Medium
ATG,2025,33,49.0753984025133,Low,Medium
AUS,1995,28,63.5461485917743,Low,Very low
AUS,1996,28,63.1235751678114,Low,Very low
AUS,1997,28,63.1590671603238,Low,Very low
AUS,1998,28,63.3421916765062,Low,Very low
AUS,1999,28,63.6887810736361,Low,Very low
AUS,2000,28,64.1001168796397,Low,Very low
AUS,2001,28,64.430639730845,Low,Very low
AUS,2002,28,64.5517167102932,Low,Very low
AUS,2003,28,64.83830395083,Low,Very low
AUS,2004,28,65.3524270242642,Low,Very low
AUS,2005,28,65.6036204974382,Low,Very low
AUS,2006,28,67.8211618843713,Low,Very low
AUS,2007,28,68.2088552101519,Low,Very low
AUS,2008,28,68.6695084856549,Low,Very low
AUS,2009,28,68.2734302652881,Low,Very low
AUS,2010,28,68.6677255257306,Low,Very low
AUS,2011,28,68.8754890352894,Low,Very low
AUS,2012,28,69.0181821850517,Low,Very low
AUS,2013,28,69.6248779616424,Low,Very low
AUS,2014,28,69.734849814793,Low,Very low
AUS,2015,28,69.5412770789528,Low,Very low
AUS,2016,28,69.467066144056,Low,Very low
AUS,2017,28,68.9463365909089,Low,Very low
AUS,2018,28,69.7871479722107,Low,Very low
AUS,2019,28,69.8486426376574,Low,Very low
AUS,2020,28,69.1973974398552,Low,Very low
AUS,2021,28,69.7842235177043,Low,Very low
AUS,2022,28,69.5474154632604,Low,Very low
AUS,2023,28,69.5474154632604,Low,Very low
AUS,2024,28,69.5474154632604,Low,Very low
AUS,2025,28,69.5474154632604,Low,Very low
AUT,1995,19,64.8845245690395,Very low,Very low
AUT,1996,19,65.1708535324949,Very low,Very low
AUT,1997,19,65.302465550402,Very low,Very low
AUT,1998,19,65.3246588860909,Very low,Very low
AUT,1999,19,65.6283060371629,Very low,Very low
AUT,2000,19,65.8571715923912,Very low,Very low
AUT,2001,19,66.2867380629465,Very low,Very low
AUT,2002,19,66.5867518162838,Very low,Very low
AUT,2003,19,66.4464911691156,Very low,Very low
AUT,2004,19,66.7651227712049,Very low,Very low
AUT,2005,19,67.2262281831431,Very low,Very low
AUT,2006,19,68.7299184210766,Very low,Very low
AUT,2007,19,69.369451362151,Very low,Very low
AUT,2008,19,69.2109296494523,Very low,Very low
AUT,2009,19,68.3629231373808,Very low,Very low
AUT,2010,19,68.7964337864733,Very low,Very low
AUT,2011,19,68.7689193233602,Very low,Very low
AUT,2012,19,69.2193054505017,Very low,Very low
AUT,2013,19,69.8937954309952,Very low,Very low
AUT,2014,19,70.4328802148479,Very low,Very low
AUT,2015,19,70.4106839192681,Very low,Very low
AUT,2016,19,69.6161077179658,Very low,Very low
AUT,2017,20,69.8126066735703,Low,Very low
AUT,2018,20,69.859410986684,Low,Very low
AUT,2019,20,69.6054258148351,Low,Very low
AUT,2020,20,69.6198937511063,Low,Very low
AUT,2021,20,69.6100323122153,Low,Very low
AUT,2022,20,68.9853999228889,Low,Very low
AUT,2023,20,68.9853999228889,Low,Very low
AUT,2024,20,68.9853999228889,Low,Very low
AUT,2025,20,68.9853999228889,Low,Very low
AZE,1995,45,43.0688286510155,Medium,High
AZE,1996,45,42.9244939333853,Medium,High
AZE,1997,45,43.5206814785272,Medium,High
AZE,1998,45,43.8410269892316,Medium,High
AZE,1999,45,43.7936189615543,Medium,High
AZE,2000,45,43.8337367410047,Medium,High
AZE,2001,45,44.5342027978323,Medium,High
AZE,2002,45,46.5821437464066,Medium,Medium
AZE,2003,45,46.9413724378342,Medium,Medium
AZE,2004,45,47.3054228489516,Medium,Medium
AZE,2005,45,47.805990802435,Medium,Medium
AZE,2006,45,45.5420976387473,Medium,Medium
AZE,2007,45,45.7102721000962,Medium,Medium
AZE,2008,45,45.7640381081564,Medium,Medium
AZE,2009,45,47.6419031012733,Medium,Medium
AZE,2010,45,47.1342072210778,Medium,Medium
AZE,2011,45,47.4669682620067,Medium,Medium
AZE,2012,45,47.3370276225268,Medium,Medium
AZE,2013,45,48.6041874001087,Medium,Medium
AZE,2014,45,49.921175888064,Medium,Medium
AZE,2015,45,50.4049849331212,Medium,Low
AZE,2016,45,51.3455486930165,Medium,Low
AZE,2017,44,50.7799290243846,Medium,Low
AZE,2018,44,50.985838663918,Medium,Low
AZE,2019,45,52.0364359948625,Medium,Low
AZE,2020,45,51.2724849450513,Medium,Low
AZE,2021,45,51.9556470120188,Medium,Low
AZE,2022,43,51.7503446533195,Medium,Low
AZE,2023,45,51.7503446533195,Medium,Low
AZE,2024,45,51.7503446533195,Medium,Low
AZE,2025,45,51.7503446533195,Medium,Low
BDI,1995,47,34.6481713296448,Medium,Very high
BDI,1996,47,34.7588816609228,Medium,Very high
BDI,1997,47,34.703242664644,Medium,Very high
BDI,1998,47,34.6898193424036,Medium,Very high
BDI,1999,47,35.2386673877684,Medium,Very high
BDI,2000,47,35.2268280159503,Medium,Very high
BDI,2001,47,34.1554508523242,Medium,Very high
BDI,2002,47,34.6133137281187,Medium,Very high
BDI,2003,47,34.3948322166123,Medium,Very high
BDI,2004,47,34.1950266504906,Medium,Very high
BDI,2005,47,34.4027953382129,Medium,Very high
BDI,2006,47,32.8552828286392,Medium,Very high
BDI,2007,47,33.1155638958342,Medium,Very high
BDI,2008,47,33.1671166276716,Medium,Very high
BDI,2009,47,33.0280647784682,Medium,Very high
BDI,2010,47,31.9805379519719,Medium,Very high
BDI,2011,47,31.4107597579021,Medium,Very high
BDI,2012,47,31.2596298905271,Medium,Very high
BDI,2013,47,33.3320926628558,Medium,Very high
BDI,2014,47,35.8035107488394,Medium,Very high
BDI,2015,47,34.9302040233456,Medium,Very high
BDI,2016,47,35.2914425732789,Medium,Very high
BDI,2017,45,35.3279343744256,Medium,Very high
BDI,2018,46,35.3329239666924,Medium,Very high
BDI,2019,46,35.3684941195363,Medium,Very high
BDI,2020,45,35.2469645592459,Medium,Very high
BDI,2021,45,35.6102940890594,Medium,Very high
BDI,2022,45,35.8995885941324,Medium,Very high
BDI,2023,46,35.8995885941324,Medium,Very high
BDI,2024,46,35.8995885941324,Medium,Very high
BDI,2025,46,35.8995885941324,Medium,Very high
BEL,1995,18,59.3739937365219,Very low,Low
BEL,1996,18,59.6578362566647,Very low,Low
BEL,1997,18,59.5642109646137,Very low,Low
BEL,1998,18,59.0557627970236,Very low,Low
BEL,1999,18,59.1484114785876,Very low,Low
BEL,2000,18,59.5096119445344,Very low,Low
BEL,2001,18,59.6926351259933,Very low,Low
BEL,2002,18,60.189171048152,Very low,Very low
BEL,2003,18,59.7683494619216,Very low,Low
BEL,2004,18,60.0401616879368,Very low,Very low
BEL,2005,18,59.8009037916314,Very low,Low
BEL,2006,18,61.0513966989253,Very low,Very low
BEL,2007,18,61.2960767441989,Very low,Very low
BEL,2008,18,61.7068907820915,Very low,Very low
BEL,2009,18,62.131116472408,Very low,Very low
BEL,2010,18,61.7142128191692,Very low,Very low
BEL,2011,18,62.0714072767252,Very low,Very low
BEL,2012,18,62.486318812143,Very low,Very low
BEL,2013,18,62.8488382141767,Very low,Very low
BEL,2014,18,63.6129462244,Very low,Very low
BEL,2015,18,63.5626235731227,Very low,Very low
BEL,2016,18,63.2456319628912,Very low,Very low
BEL,2017,19,62.8993152568579,Very low,Very low
BEL,2018,19,62.3882785897543,Very low,Very low
BEL,2019,19,62.8299605570111,Very low,Very low
BEL,2020,20,63.1991161934602,Low,Very low
BEL,2021,19,63.5606806953095,Very low,Very low
BEL,2022,19,63.4522143001805,Very low,Very low
BEL,2023,19,63.4522143001805,Very low,Very low
BEL,2024,19,63.4522143001805,Very low,Very low
BEL,2025,19,63.4522143001805,Very low,Very low
BEN,1995,48,38.9421058731812,Medium,Very high
BEN,1996,48,38.7964931827784,Medium,Very high
BEN,1997,48,38.7558848781141,Medium,Very high
BEN,1998,48,38.722641834812,Medium,Very high
BEN,1999,48,38.6563308902317,Medium,Very high
BEN,2000,48,38.5947576964422,Medium,Very high
BEN,2001,48,38.1332047838263,Medium,Very high
BEN,2002,48,37.8525093484,Medium,Very high
BEN,2003,48,38.055202855168,Medium,Very high
BEN,2004,48,37.7989640137425,Medium,Very high
BEN,2005,48,36.9256293537815,Medium,Very high
BEN,2006,48,36.115039861764,Medium,Very high
BEN,2007,48,36.4326540529512,Medium,Very high
BEN,2008,48,35.8460099895477,Medium,Very high
BEN,2009,48,35.4231882757826,Medium,Very high
BEN,2010,48,34.2776096148541,Medium,Very high
BEN,2011,48,34.6753828869674,Medium,Very high
BEN,2012,48,34.6156506841967,Medium,Very high
BEN,2013,48,35.3029581001397,Medium,Very high
BEN,2014,48,35.2882999963651,Medium,Very high
BEN,2015,48,36.259027091189,Medium,Very high
BEN,2016,48,36.0977215511796,Medium,Very high
BEN,2017,47,36.7803348075788,Medium,Very high
BEN,2018,46,37.3053787786406,Medium,Very high
BEN,2019,46,37.2229874197657,Medium,Very high
BEN,2020,45,37.7562840664836,Medium,Very high
BEN,2021,45,37.8253644038996,Medium,Very high
BEN,2022,45,38.3405184417986,Medium,Very high
BEN,2023,44,38.3405184417986,Medium,Very high
BEN,2024,44,38.3405184417986,Medium,Very high
BEN,2025,44,38.3405184417986,Medium,Very high
BFA,1995,45,35.9031334358842,Medium,Very high
BFA,1996,45,35.8413037155338,Medium,Very high
BFA,1997,45,36.0311113723468,Medium,Very high
BFA,1998,45,35.9924099571921,Medium,Very high
BFA,1999,45,36.0743622142555,Medium,Very high
BFA,2000,45,36.3985570893186,Medium,Very high
BFA,2001,45,36.5110961427162,Medium,Very high
BFA,2002,45,36.3616013785804,Medium,Very high
BFA,2003,45,36.3684123895264,Medium,Very high
BFA,2004,45,36.8259025867006,Medium,Very high
BFA,2005,45,36.0856948720522,Medium,Very high
BFA,2006,45,34.2703624066818,Medium,Very high
BFA,2007,45,34.9395238297071,Medium,Very high
BFA,2008,45,35.2571844905509,Medium,Very high
BFA,2009,45,36.1502900236583,Medium,Very high
BFA,2010,45,36.0297759214197,Medium,Very high
BFA,2011,45,36.0901859477505,Medium,Very high
BFA,2012,45,36.1624165864201,Medium,Very high
BFA,2013,45,36.1183782783627,Medium,Very high
BFA,2014,45,36.6169667814252,Medium,Very high
BFA,2015,45,36.6006125223145,Medium,Very high
BFA,2016,45,37.9723473833249,Medium,Very high
BFA,2017,44,38.6910982426529,Medium,Very high
BFA,2018,44,38.8004126163952,Medium,Very high
BFA,2019,44,38.5127989106672,Medium,Very high
BFA,2020,44,38.1356269331016,Medium,Very high
BFA,2021,43,38.1576269725573,Medium,Very high
BFA,2022,44,37.9894586904992,Medium,Very high
BFA,2023,44,37.9894586904992,Medium,Very high
BFA,2024,45,37.9894586904992,Medium,Very high
BFA,2025,44,37.9894586904992,Medium,Very high
BGD,1995,63,38.1490121125856,High,Very high
BGD,1996,63,38.2084619676259,High,Very high
BGD,1997,63,38.0513893656095,High,Very high
BGD,1998,63,38.6324402945554,High,Very high
BGD,1999,63,38.4387997467689,High,Very high
BGD,2000,63,38.2796771025035,High,Very high
BGD,2001,63,37.9512201402427,High,Very high
BGD,2002,63,37.8535735032087,High,Very high
BGD,2003,63,37.5845997669949,High,Very high
BGD,2004,63,37.2944119671405,High,Very high
BGD,2005,63,38.5460114019069,High,Very high
BGD,2006,63,42.7124702650558,High,High
BGD,2007,63,42.9079518280062,High,High
BGD,2008,63,43.4907398151884,High,High
BGD,2009,63,43.651066489441,High,High
BGD,2010,63,45.1195749134087,High,Medium
BGD,2011,63,45.3011344338432,High,Medium
BGD,2012,63,45.6714860511234,High,Medium
BGD,2013,63,45.8702201356874,High,Medium
BGD,2014,63,35.3853775742105,High,Very high
BGD,2015,63,35.4540390740078,High,Very high
BGD,2016,63,36.5659987338731,High,Very high
BGD,2017,61,36.9496430127078,High,Very high
BGD,2018,61,37.3011692030446,High,Very high
BGD,2019,61,37.3116907732976,High,Very high
BGD,2020,60,37.6317515650247,High,Very high
BGD,2021,60,36.2134243828355,High,Very high
BGD,2022,59,36.0283786277348,High,Very high
BGD,2023,59,36.0283786277348,High,Very high
BGD,2024,60,36.0283786277348,High,Very high
BGD,2025,60,36.0283786277348,High,Very high
BGR,1995,32,50.7219821875262,Low,Low
BGR,1996,32,51.157532231249,Low,Low
BGR,1997,32,52.3465535925775,Low,Low
BGR,1998,32,52.4554162693012,Low,Low
BGR,1999,32,52.3630721842405,Low,Low
BGR,2000,32,51.7312668912904,Low,Low
BGR,2001,32,51.9401867698707,Low,Low
BGR,2002,32,52.6460274180262,Low,Low
BGR,2003,32,53.121577095632,Low,Low
BGR,2004,32,53.4147046908525,Low,Low
BGR,2005,32,53.6550777284701,Low,Low
BGR,2006,32,53.5490698604648,Low,Low
BGR,2007,32,53.6870789562882,Low,Low
BGR,2008,32,53.6796352007757,Low,Low
BGR,2009,32,54.0038206547263,Low,Low
BGR,2010,32,53.9682131000417,Low,Low
BGR,2011,32,54.3601026775657,Low,Low
BGR,2012,32,54.7925267302376,Low,Low
BGR,2013,32,54.9945139842948,Low,Low
BGR,2014,32,55.5673792940902,Low,Low
BGR,2015,32,55.5350222417406,Low,Low
BGR,2016,32,55.3758307451961,Low,Low
BGR,2017,32,55.2266148861538,Low,Low
BGR,2018,32,56.3287605323331,Low,Low
BGR,2019,32,56.4093985939863,Low,Low
BGR,2020,31,56.0675010975766,Low,Low
BGR,2021,31,56.194734174604,Low,Low
BGR,2022,31,54.9875674883525,Low,Low
BGR,2023,31,54.9875674883525,Low,Low
BGR,2024,31,54.9875674883525,Low,Low
BGR,2025,31,54.9875674883525,Low,Low
BHR,1995,14,46.6769186595051,Very low,Medium
BHR,1996,14,46.583177698238,Very low,Medium
BHR,1997,14,46.8775267989377,Very low,Medium
BHR,1998,14,47.1975794042459,Very low,Medium
BHR,1999,14,47.4908122434474,Very low,Medium
BHR,2000,14,47.8334651372778,Very low,Medium
BHR,2001,14,48.5604226976674,Very low,Medium
BHR,2002,14,49.2434191023851,Very low,Medium
BHR,2003,14,49.1555936524235,Very low,Medium
BHR,2004,14,49.3093512514355,Very low,Medium
BHR,2005,14,49.9023450639138,Very low,Medium
BHR,2006,14,52.8175067763156,Very low,Low
BHR,2007,14,53.6268145894257,Very low,Low
BHR,2008,14,50.8381228267972,Very low,Low
BHR,2009,14,51.1963746869365,Very low,Low
BHR,2010,14,51.0635657869039,Very low,Low
BHR,2011,14,51.3534427055682,Very low,Low
BHR,2012,14,51.476323476792,Very low,Low
BHR,2013,14,51.4997502796521,Very low,Low
BHR,2014,14,52.3875712765181,Very low,Low
BHR,2015,14,52.2148435256604,Very low,Low
BHR,2016,14,51.688427103023,Very low,Low
BHR,2017,14,51.2839926938826,Very low,Low
BHR,2018,15,51.3533545180609,Very low,Low
BHR,2019,14,51.7737472029201,Very low,Low
BHR,2020,14,53.2725695987816,Very low,Low
BHR,2021,13,54.3061252360791,Very low,Low
BHR,2022,13,54.7700903687435,Very low,Low
BHR,2023,14,54.7700903687435,Very low,Low
BHR,2024,14,54.7700903687435,Very low,Low
BHR,2025,14,54.7700903687435,Very low,Low
BHS,1995,27,48.9725090612784,Low,Medium
BHS,1996,27,49.0230253669197,Low,Medium
BHS,1997,27,49.2457058822505,Low,Medium
BHS,1998,27,49.3435157110727,Low,Medium
BHS,1999,27,49.4793003534993,Low,Medium
BHS,2000,27,49.7558234549237,Low,Medium
BHS,2001,27,49.9639414722097,Low,Medium
BHS,2002,27,50.2080423890525,Low,Low
BHS,2003,27,50.0956544218883,Low,Low
BHS,2004,27,50.2613338398616,Low,Low
BHS,2005,27,51.3949438642228,Low,Low
BHS,2006,27,54.534012690789,Low,Low
BHS,2007,27,54.7460251322134,Low,Low
BHS,2008,27,50.0819395635007,Low,Low
BHS,2009,27,49.5023909696944,Low,Medium
BHS,2010,27,49.4678318601451,Low,Medium
BHS,2011,27,49.6402682234482,Low,Medium
BHS,2012,27,49.9821429759236,Low,Medium
BHS,2013,27,49.5958299935628,Low,Medium
BHS,2014,27,49.8807266793115,Low,Medium
BHS,2015,27,49.4678317428386,Low,Medium
BHS,2016,27,49.0613678286397,Low,Medium
BHS,2017,27,48.6776810122953,Low,Medium
BHS,2018,27,48.5106445340684,Low,Medium
BHS,2019,27,48.6128842345748,Low,Medium
BHS,2020,27,48.3151169154383,Low,Medium
BHS,2021,28,48.4643344106055,Low,Medium
BHS,2022,27,48.4637453161925,Low,Medium
BHS,2023,27,48.4637453161925,Low,Medium
BHS,2024,27,48.4637453161925,Low,Medium
BHS,2025,27,48.4637453161925,Low,Medium
BIH,1995,37,46.9823923079034,Medium,Medium
BIH,1996,37,47.150993330876,Medium,Medium
BIH,1997,37,47.1961530673135,Medium,Medium
BIH,1998,37,47.0163978557498,Medium,Medium
BIH,1999,37,47.171903561825,Medium,Medium
BIH,2000,37,47.3074232180147,Medium,Medium
BIH,2001,37,48.0945057129759,Medium,Medium
BIH,2002,37,48.3255175037903,Medium,Medium
BIH,2003,37,48.4783065576363,Medium,Medium
BIH,2004,37,49.2752052311283,Medium,Medium
BIH,2005,37,48.6336218803038,Medium,Medium
BIH,2006,37,47.6539027782086,Medium,Medium
BIH,2007,37,47.9047272938558,Medium,Medium
BIH,2008,37,48.4877868012007,Medium,Medium
BIH,2009,37,48.4627051033441,Medium,Medium
BIH,2010,37,48.5859904489024,Medium,Medium
BIH,2011,37,49.1596292067334,Medium,Medium
BIH,2012,37,49.6849228152332,Medium,Medium
BIH,2013,37,50.486049181972,Medium,Low
BIH,2014,37,51.470451966133,Medium,Low
BIH,2015,37,50.6461911313927,Medium,Low
BIH,2016,37,51.007135139882,Medium,Low
BIH,2017,36,51.270542889577,Medium,Low
BIH,2018,36,51.3718063392897,Medium,Low
BIH,2019,37,50.870841229454,Medium,Low
BIH,2020,37,50.6982579716588,Medium,Low
BIH,2021,39,50.8703620730676,Medium,Low
BIH,2022,38,50.9754584318309,Medium,Low
BIH,2023,39,50.9754584318309,Medium,Low
BIH,2024,38,50.9754584318309,Medium,Low
BIH,2025,38,50.9754584318309,Medium,Low
BLR,1995,24,49.980092503932,Low,Medium
BLR,1996,24,50.374102939545,Low,Low
BLR,1997,24,50.3036595915236,Low,Low
BLR,1998,24,50.7027912426826,Low,Low
BLR,1999,24,50.7303724438193,Low,Low
BLR,2000,24,50.4447569544635,Low,Low
BLR,2001,24,50.5762280909563,Low,Low
BLR,2002,24,50.5817502479293,Low,Low
BLR,2003,24,51.8835952929838,Low,Low
BLR,2004,24,51.8169086759596,Low,Low
BLR,2005,24,51.8759179531002,Low,Low
BLR,2006,24,49.5404439818069,Low,Medium
BLR,2007,24,50.6575118984233,Low,Low
BLR,2008,24,51.7149229825445,Low,Low
BLR,2009,24,53.9731095990491,Low,Low
BLR,2010,24,53.9850730746251,Low,Low
BLR,2011,24,54.7325321809107,Low,Low
BLR,2012,24,56.1366873989458,Low,Low
BLR,2013,24,56.2970704006506,Low,Low
BLR,2014,24,55.8890841500198,Low,Low
BLR,2015,24,55.7628893119468,Low,Low
BLR,2016,24,56.9873158918719,Low,Low
BLR,2017,23,58.1988535213257,Low,Low
BLR,2018,23,58.5465590826904,Low,Low
BLR,2019,23,59.1784839426363,Low,Low
BLR,2020,22,57.8535710319499,Low,Low
BLR,2021,23,57.63828334426,Low,Low
BLR,2022,23,57.0584842439868,Low,Low
BLR,2023,23,57.0584842439868,Low,Low
BLR,2024,23,57.0584842439868,Low,Low
BLR,2025,23,57.0584842439868,Low,Low
BLZ,1995,39,43.9243937389476,Medium,High
BLZ,1996,39,44.3441389586884,Medium,High
BLZ,1997,39,44.2178182186143,Medium,High
BLZ,1998,39,44.5763685544256,Medium,High
BLZ,1999,39,44.5267603993186,Medium,High
BLZ,2000,39,44.8107856096033,Medium,High
BLZ,2001,39,44.794783577675,Medium,High
BLZ,2002,39,45.6448118789558,Medium,Medium
BLZ,2003,39,45.8020094939688,Medium,Medium
BLZ,2004,39,44.7436525773485,Medium,High
BLZ,2005,39,45.7895155802464,Medium,Medium
BLZ,2006,39,43.0249708289965,Medium,High
BLZ,2007,39,42.9030245620521,Medium,High
BLZ,2008,39,42.9874532582268,Medium,High
BLZ,2009,39,43.2480497096116,Medium,High
BLZ,2010,39,43.1647282024886,Medium,High
BLZ,2011,39,42.7862505037165,Medium,High
BLZ,2012,39,43.229994948591,Medium,High
BLZ,2013,39,43.8504917529539,Medium,High
BLZ,2014,39,42.9001838686008,Medium,High
BLZ,2015,39,43.5056463229666,Medium,High
BLZ,2016,39,43.5259180870909,Medium,High
BLZ,2017,38,43.5178953583816,Medium,High
BLZ,2018,39,43.5379828949682,Medium,High
BLZ,2019,39,43.2956256661434,Medium,High
BLZ,2020,39,43.536040495727,Medium,High
BLZ,2021,39,43.2450060444275,Medium,High
BLZ,2022,38,43.6756129142065,Medium,High
BLZ,2023,38,43.6756129142065,Medium,High
BLZ,2024,38,43.6756129142065,Medium,High
BLZ,2025,38,43.6756129142065,Medium,High
BOL,1995,48,41.3238486393837,Medium,High
BOL,1996,48,41.4846191053695,Medium,High
BOL,1997,48,41.7559661449423,Medium,High
BOL,1998,48,41.9827933870642,Medium,High
BOL,1999,48,41.7347779054565,Medium,High
BOL,2000,48,41.3703780051665,Medium,High
BOL,2001,48,41.4487516145276,Medium,High
BOL,2002,48,41.0764466417148,Medium,High
BOL,2003,48,41.0395983153036,Medium,High
BOL,2004,48,41.4529245388865,Medium,High
BOL,2005,48,39.961802056546,Medium,Very high
BOL,2006,48,39.7895759719327,Medium,Very high
BOL,2007,48,40.0249038782414,Medium,High
BOL,2008,48,40.1583414510353,Medium,High
BOL,2009,48,40.4348354778613,Medium,High
BOL,2010,48,40.8450842432051,Medium,High
BOL,2011,48,41.0495201038056,Medium,High
BOL,2012,48,40.7621664810635,Medium,High
BOL,2013,48,41.1819072542137,Medium,High
BOL,2014,48,41.015047919055,Medium,High
BOL,2015,48,40.819713406787,Medium,High
BOL,2016,48,41.2991722447051,Medium,High
BOL,2017,47,41.9380325672791,Medium,High
BOL,2018,47,42.0326588098632,Medium,High
BOL,2019,47,41.765104969554,Medium,High
BOL,2020,47,41.8689913328375,Medium,High
BOL,2021,47,41.6953455359161,Medium,High
BOL,2022,47,41.6456083085503,Medium,High
BOL,2023,47,41.6456083085503,Medium,High
BOL,2024,47,41.6456083085503,Medium,High
BOL,2025,47,41.6456083085503,Medium,High
BRA,1995,38,47.1894842072004,Medium,Medium
BRA,1996,38,47.1525763482496,Medium,Medium
BRA,1997,38,47.3015868222609,Medium,Medium
BRA,1998,38,47.4239257884876,Medium,Medium
BRA,1999,38,47.7789845436778,Medium,Medium
BRA,2000,38,48.1611560478936,Medium,Medium
BRA,2001,38,48.4555316730293,Medium,Medium
BRA,2002,38,48.8602820604149,Medium,Medium
BRA,2003,38,48.8745512048013,Medium,Medium
BRA,2004,38,48.7320032242026,Medium,Medium
BRA,2005,38,49.2907705673503,Medium,Medium
BRA,2006,38,50.9192573746237,Medium,Low
BRA,2007,38,51.1526166296329,Medium,Low
BRA,2008,38,51.6361884907093,Medium,Low
BRA,2009,38,52.4887193143307,Medium,Low
BRA,2010,38,53.3610482037391,Medium,Low
BRA,2011,38,53.5220492516574,Medium,Low
BRA,2012,38,53.4723044346136,Medium,Low
BRA,2013,38,53.5146996339569,Medium,Low
BRA,2014,38,49.3084148880661,Medium,Medium
BRA,2015,38,49.0811793224341,Medium,Medium
BRA,2016,38,49.3407308052341,Medium,Medium
BRA,2017,38,49.1070294452725,Medium,Medium
BRA,2018,38,49.0538374258226,Medium,Medium
BRA,2019,38,49.2525882435654,Medium,Medium
BRA,2020,38,49.5164566296685,Medium,Medium
BRA,2021,38,49.3996815980349,Medium,Medium
BRA,2022,38,49.5237815073322,Medium,Medium
BRA,2023,38,49.5237815073322,Medium,Medium
BRA,2024,38,49.5237815073322,Medium,Medium
BRA,2025,38,49.5237815073322,Medium,Medium
BRB,1995,30,55.7570604606742,Low,Low
BRB,1996,30,55.7868973127351,Low,Low
BRB,1997,30,55.8686332521295,Low,Low
BRB,1998,30,55.9953710121362,Low,Low
BRB,1999,30,56.1785443507683,Low,Low
BRB,2000,30,56.6179692104342,Low,Low
BRB,2001,30,56.6675273478667,Low,Low
BRB,2002,30,56.3227451791048,Low,Low
BRB,2003,30,56.7695332356762,Low,Low
BRB,2004,30,57.5669507755152,Low,Low
BRB,2005,30,58.6373661741178,Low,Low
BRB,2006,30,61.8241660329549,Low,Very low
BRB,2007,30,62.2826262876189,Low,Very low
BRB,2008,30,62.4624864953373,Low,Very low
BRB,2009,30,61.679298537884,Low,Very low
BRB,2010,30,62.7690009419871,Low,Very low
BRB,2011,30,63.6209935916983,Low,Very low
BRB,2012,30,57.6950407495495,Low,Low
BRB,2013,30,57.8915444991375,Low,Low
BRB,2014,30,57.4401255541511,Low,Low
BRB,2015,30,58.0536981126207,Low,Low
BRB,2016,30,57.2384538237481,Low,Low
BRB,2017,31,57.8959776033403,Low,Low
BRB,2018,31,57.5169995789886,Low,Low
BRB,2019,31,57.6847235686236,Low,Low
BRB,2020,31,58.2200821638031,Low,Low
BRB,2021,32,60.8849839750145,Low,Very low
BRB,2022,31,61.0602203697946,Low,Very low
BRB,2023,31,61.0602203697946,Low,Very low
BRB,2024,31,61.0602203697946,Low,Very low
BRB,2025,31,61.0602203697946,Low,Very low
BRN,1995,29,50.5069583479475,Low,Low
BRN,1996,29,50.599019218071,Low,Low
BRN,1997,29,50.2258545887816,Low,Low
BRN,1998,29,49.7894951676412,Low,Medium
BRN,1999,29,50.0156659708334,Low,Low
BRN,2000,29,50.2081705611946,Low,Low
BRN,2001,29,50.5074163342464,Low,Low
BRN,2002,29,50.9051847430856,Low,Low
BRN,2003,29,51.1406230309733,Low,Low
BRN,2004,29,51.7471983056211,Low,Low
BRN,2005,29,52.4229449961635,Low,Low
BRN,2006,29,55.6374601268442,Low,Low
BRN,2007,29,51.8332415054309,Low,Low
BRN,2008,29,51.9618529445128,Low,Low
BRN,2009,29,53.2431143289395,Low,Low
BRN,2010,29,53.6147033104035,Low,Low
BRN,2011,29,53.6002093571361,Low,Low
BRN,2012,29,53.708675088907,Low,Low
BRN,2013,29,53.8764390938682,Low,Low
BRN,2014,29,54.7568674362747,Low,Low
BRN,2015,29,54.4876003824881,Low,Low
BRN,2016,29,54.6208877200445,Low,Low
BRN,2017,29,54.620305863804,Low,Low
BRN,2018,28,55.8364794346751,Low,Low
BRN,2019,28,55.4032134247034,Low,Low
BRN,2020,28,56.255917705285,Low,Low
BRN,2021,28,56.3595906358516,Low,Low
BRN,2022,28,56.5352977090286,Low,Low
BRN,2023,28,56.5352977090286,Low,Low
BRN,2024,28,56.5352977090286,Low,Low
BRN,2025,28,56.5352977090286,Low,Low
BTN,1995,37,41.6845997974334,Medium,High
BTN,1996,37,41.645077814317,Medium,High
BTN,1997,37,41.596784759819,Medium,High
BTN,1998,37,41.5614891804623,Medium,High
BTN,1999,37,41.4679211293631,Medium,High
BTN,2000,37,41.3771823430043,Medium,High
BTN,2001,37,40.6507623097391,Medium,High
BTN,2002,37,41.3625434096466,Medium,High
BTN,2003,37,42.4671865202188,Medium,High
BTN,2004,37,41.5943018513442,Medium,High
BTN,2005,37,42.2306487611041,Medium,High
BTN,2006,37,40.7584445138182,Medium,High
BTN,2007,37,42.2688171578116,Medium,High
BTN,2008,37,43.275107662356,Medium,High
BTN,2009,37,43.2821992955535,Medium,High
BTN,2010,37,42.6668447436376,Medium,High
BTN,2011,37,42.7835766160359,Medium,High
BTN,2012,37,43.1713814834777,Medium,High
BTN,2013,37,43.6042946138681,Medium,High
BTN,2014,37,45.2267138837635,Medium,Medium
BTN,2015,37,45.6287907816588,Medium,Medium
BTN,2016,37,47.2579787496879,Medium,Medium
BTN,2017,36,47.7674720385833,Medium,Medium
BTN,2018,35,48.2599955021502,Medium,Medium
BTN,2019,36,48.4177847465888,Medium,Medium
BTN,2020,36,48.6514353943143,Medium,Medium
BTN,2021,35,47.3462180044391,Medium,Medium
BTN,2022,35,47.5644627682313,Medium,Medium
BTN,2023,35,47.5644627682313,Medium,Medium
BTN,2024,35,47.5644627682313,Medium,Medium
BTN,2025,35,47.5644627682313,Medium,Medium
BWA,1995,34,43.7278901314924,Low,High
BWA,1996,34,43.7846497009255,Low,High
BWA,1997,34,44.0436888180548,Low,High
BWA,1998,34,44.3591898546079,Low,High
BWA,1999,34,44.6211794773596,Low,High
BWA,2000,34,44.7993057838673,Low,High
BWA,2001,34,44.8465586340605,Low,High
BWA,2002,34,44.7591846178941,Low,High
BWA,2003,34,45.777692449393,Low,Medium
BWA,2004,34,45.3451682356239,Low,Medium
BWA,2005,34,46.0580588458996,Low,Medium
BWA,2006,34,45.4531848506324,Low,Medium
BWA,2007,34,45.5018973388635,Low,Medium
BWA,2008,34,45.8604861910282,Low,Medium
BWA,2009,34,46.2255237370756,Low,Medium
BWA,2010,34,46.4310760650208,Low,Medium
BWA,2011,34,46.5986828249702,Low,Medium
BWA,2012,34,47.2743286562511,Low,Medium
BWA,2013,34,47.3295854711814,Low,Medium
BWA,2014,34,48.601279794902,Low,Medium
BWA,2015,34,48.5604804805295,Low,Medium
BWA,2016,34,49.6457617442881,Low,Medium
BWA,2017,34,49.1761230417747,Low,Medium
BWA,2018,32,50.0835652489018,Low,Low
BWA,2019,32,50.0562344348688,Low,Low
BWA,2020,31,49.9754319010783,Low,Medium
BWA,2021,32,50.1399510856564,Low,Low
BWA,2022,32,50.0061593505728,Low,Low
BWA,2023,31,50.0061593505728,Low,Low
BWA,2024,31,50.0061593505728,Low,Low
BWA,2025,32,50.0061593505728,Low,Low
CAF,1995,51,34.2743244517314,High,Very high
CAF,1996,51,34.3692901137471,High,Very high
CAF,1997,51,34.1473859529863,High,Very high
CAF,1998,51,34.1444093187702,High,Very high
CAF,1999,51,34.0506900069522,High,Very high
CAF,2000,51,33.7621707183456,High,Very high
CAF,2001,51,34.132881547431,High,Very high
CAF,2002,51,33.8562751279839,High,Very high
CAF,2003,51,33.5578830527512,High,Very high
CAF,2004,51,33.2298047327694,High,Very high
CAF,2005,51,32.0221540596876,High,Very high
CAF,2006,51,29.7404823504951,High,Very high
CAF,2007,51,29.0234451527226,High,Very high
CAF,2008,51,29.0467413951606,High,Very high
CAF,2009,51,28.2284874636438,High,Very high
CAF,2010,51,27.8862548469846,High,Very high
CAF,2011,51,27.4436606637548,High,Very high
CAF,2012,51,28.0800378362526,High,Very high
CAF,2013,51,26.849122143315,High,Very high
CAF,2014,51,26.5451568032438,High,Very high
CAF,2015,51,26.9533690450323,High,Very high
CAF,2016,51,28.0096166117011,High,Very high
CAF,2017,52,27.6644390240305,High,Very high
CAF,2018,52,27.5600834674217,High,Very high
CAF,2019,52,27.8358001047937,High,Very high
CAF,2020,52,27.5816660919247,High,Very high
CAF,2021,51,27.7260413931327,High,Very high
CAF,2022,51,27.8948032007839,High,Very high
CAF,2023,51,27.8948032007839,High,Very high
CAF,2024,55,27.8948032007839,High,Very high
CAF,2025,54,27.8948032007839,High,Very high
CAN,1995,30,65.2690962339508,Low,Very low
CAN,1996,30,65.344379497809,Low,Very low
CAN,1997,30,65.4885537027613,Low,Very low
CAN,1998,30,65.3375492176883,Low,Very low
CAN,1999,30,65.7354940820306,Low,Very low
CAN,2000,30,66.040389149378,Low,Very low
CAN,2001,30,66.0684730148066,Low,Very low
CAN,2002,30,66.0924191654087,Low,Very low
CAN,2003,30,66.0619382905055,Low,Very low
CAN,2004,30,66.8434399119998,Low,Very low
CAN,2005,30,67.5092542747348,Low,Very low
CAN,2006,30,69.7632943436011,Low,Very low
CAN,2007,30,69.8072618570326,Low,Very low
CAN,2008,30,70.0436153842665,Low,Very low
CAN,2009,30,70.1234894980723,Low,Very low
CAN,2010,30,69.1393679844455,Low,Very low
CAN,2011,30,69.5303143735239,Low,Very low
CAN,2012,30,69.479403648728,Low,Very low
CAN,2013,30,69.6147114507003,Low,Very low
CAN,2014,30,70.2642783768752,Low,Very low
CAN,2015,30,69.8680611886937,Low,Very low
CAN,2016,30,69.3320281840585,Low,Very low
CAN,2017,31,69.1025555269835,Low,Very low
CAN,2018,30,68.5795517005027,Low,Very low
CAN,2019,30,68.5627962465424,Low,Very low
CAN,2020,31,68.229841142471,Low,Very low
CAN,2021,30,68.4720204998033,Low,Very low
CAN,2022,31,68.4584473544698,Low,Very low
CAN,2023,31,68.4584473544698,Low,Very low
CAN,2024,31,68.4584473544698,Low,Very low
CAN,2025,31,68.4584473544698,Low,Very low
CHE,1995,14,65.8964487522185,Very low,Very low
CHE,1996,14,65.9196412734399,Very low,Very low
CHE,1997,14,66.1585202033528,Very low,Very low
CHE,1998,14,66.4004466098605,Very low,Very low
CHE,1999,14,66.8412915381229,Very low,Very low
CHE,2000,14,67.2119711107186,Very low,Very low
CHE,2001,14,67.338603075274,Very low,Very low
CHE,2002,14,67.4959975624459,Very low,Very low
CHE,2003,14,67.4012041836648,Very low,Very low
CHE,2004,14,67.4368011538731,Very low,Very low
CHE,2005,14,67.9915716052937,Very low,Very low
CHE,2006,14,70.2164731984953,Very low,Very low
CHE,2007,14,70.939709015467,Very low,Very low
CHE,2008,14,70.9273501785116,Very low,Very low
CHE,2009,14,70.6474770566302,Very low,Very low
CHE,2010,14,71.4140053171847,Very low,Very low
CHE,2011,14,71.2443374104098,Very low,Very low
CHE,2012,14,71.3217620559389,Very low,Very low
CHE,2013,14,71.7681348388887,Very low,Very low
CHE,2014,14,72.4291433864261,Very low,Very low
CHE,2015,14,72.2862443635226,Very low,Very low
CHE,2016,14,71.5678824389867,Very low,Very low
CHE,2017,14,72.288109744687,Very low,Very low
CHE,2018,14,72.173929667183,Very low,Very low
CHE,2019,14,72.1591993838705,Very low,Very low
CHE,2020,14,71.9696577066592,Very low,Very low
CHE,2021,14,71.9830319190052,Very low,Very low
CHE,2022,14,72.1233021696052,Very low,Very low
CHE,2023,14,72.1233021696052,Very low,Very low
CHE,2024,14,72.1233021696052,Very low,Very low
CHE,2025,14,72.1233021696052,Very low,Very low
CHL,1995,38,54.0906290597828,Medium,Low
CHL,1996,38,54.1071463481048,Medium,Low
CHL,1997,38,53.7644895537165,Medium,Low
CHL,1998,38,53.4309907503235,Medium,Low
CHL,1999,38,53.9274439152851,Medium,Low
CHL,2000,38,54.5802227368686,Medium,Low
CHL,2001,38,54.9746963981981,Medium,Low
CHL,2002,38,55.4768570265672,Medium,Low
CHL,2003,38,54.9822578241794,Medium,Low
CHL,2004,38,55.3555505646108,Medium,Low
CHL,2005,38,56.1509633912247,Medium,Low
CHL,2006,38,56.9959015859483,Medium,Low
CHL,2007,38,57.5395675219109,Medium,Low
CHL,2008,38,57.8276068475395,Medium,Low
CHL,2009,38,57.6973695755248,Medium,Low
CHL,2010,38,58.3358748111344,Medium,Low
CHL,2011,38,58.7436601462185,Medium,Low
CHL,2012,38,59.7851177448916,Medium,Low
CHL,2013,38,60.1543526331994,Medium,Very low
CHL,2014,38,61.4136977453255,Medium,Very low
CHL,2015,38,61.0803082459263,Medium,Very low
CHL,2016,38,60.2151995826789,Medium,Very low
CHL,2017,38,60.1642275623663,Medium,Very low
CHL,2018,37,60.5074867509321,Medium,Very low
CHL,2019,37,60.092537852414,Medium,Very low
CHL,2020,37,60.0336846232983,Medium,Very low
CHL,2021,37,60.2082897188141,Medium,Very low
CHL,2022,37,60.1223990438853,Medium,Very low
CHL,2023,37,60.1223990438853,Medium,Very low
CHL,2024,37,60.1223990438853,Medium,Very low
CHL,2025,37,60.1223990438853,Medium,Very low
CHN,1995,50,49.2775058031245,High,Medium
CHN,1996,50,49.4701400573962,High,Medium
CHN,1997,50,49.4458370494329,High,Medium
CHN,1998,50,49.382289747179,High,Medium
CHN,1999,50,49.5058551365828,High,Medium
CHN,2000,50,49.7360378455698,High,Medium
CHN,2001,50,49.5677525148986,High,Medium
CHN,2002,50,49.4890194338164,High,Medium
CHN,2003,50,49.2416351062566,High,Medium
CHN,2004,50,49.561610767967,High,Medium
CHN,2005,50,51.0311672382776,High,Low
CHN,2006,50,55.087129670625,High,Low
CHN,2007,50,55.9497399950396,High,Low
CHN,2008,50,57.0593504553952,High,Low
CHN,2009,50,57.8297822066421,High,Low
CHN,2010,50,59.8210062341954,High,Low
CHN,2011,50,60.1896511010515,High,Very low
CHN,2012,50,60.4593756405772,High,Very low
CHN,2013,50,60.8633719763494,High,Very low
CHN,2014,50,53.7279266568902,High,Low
CHN,2015,50,54.4183298909314,High,Low
CHN,2016,50,54.5307914699057,High,Low
CHN,2017,50,55.1062955703594,High,Low
CHN,2018,49,55.4272452284868,Medium,Low
CHN,2019,49,58.7792552223681,Medium,Low
CHN,2020,47,59.6683457376396,Medium,Low
CHN,2021,47,59.9998682267017,Medium,Low
CHN,2022,46,60.1825822630599,Medium,Very low
CHN,2023,47,60.1825822630599,Medium,Very low
CHN,2024,47,60.1825822630599,Medium,Very low
CHN,2025,47,60.1825822630599,Medium,Very low
CIV,1995,45,40.3453562933257,Medium,High
CIV,1996,45,40.4160374165886,Medium,High
CIV,1997,45,40.1477404960948,Medium,High
CIV,1998,45,39.7712066717482,Medium,Very high
CIV,1999,45,38.8482924230019,Medium,Very high
CIV,2000,45,38.0646122921808,Medium,Very high
CIV,2001,45,37.8232609102008,Medium,Very high
CIV,2002,45,37.6104431407535,Medium,Very high
CIV,2003,45,37.33587644452,Medium,Very high
CIV,2004,45,36.6605716630026,Medium,Very high
CIV,2005,45,36.001529208082,Medium,Very high
CIV,2006,45,33.9980346919528,Medium,Very high
CIV,2007,45,34.7154832477317,Medium,Very high
CIV,2008,45,34.6267204910465,Medium,Very high
CIV,2009,45,34.9705420737607,Medium,Very high
CIV,2010,45,34.3247512258581,Medium,Very high
CIV,2011,45,34.1962578808273,Medium,Very high
CIV,2012,45,34.9348525528408,Medium,Very high
CIV,2013,45,36.1209936905137,Medium,Very high
CIV,2014,45,37.842805498009,Medium,Very high
CIV,2015,45,38.8291801369565,Medium,Very high
CIV,2016,45,39.8127736483596,Medium,Very high
CIV,2017,44,39.8996630852446,Medium,Very high
CIV,2018,44,40.4371372480618,Medium,High
CIV,2019,44,40.8070196690493,Medium,High
CIV,2020,43,40.9363980363884,Medium,High
CIV,2021,44,41.222805825005,Medium,High
CIV,2022,44,41.6495573851431,Medium,High
CIV,2023,43,41.6495573851431,Medium,High
CIV,2024,43,41.6495573851431,Medium,High
CIV,2025,43,41.6495573851431,Medium,High
CMR,1995,44,38.0382097161053,Medium,Very high
CMR,1996,44,38.1580735334395,Medium,Very high
CMR,1997,44,38.4220839963111,Medium,Very high
CMR,1998,44,38.7384652695376,Medium,Very high
CMR,1999,44,38.7592848371942,Medium,Very high
CMR,2000,44,38.8073791114195,Medium,Very high
CMR,2001,44,38.9523989054186,Medium,Very high
CMR,2002,44,38.819660211407,Medium,Very high
CMR,2003,44,39.5305249346091,Medium,Very high
CMR,2004,44,39.7149044441467,Medium,Very high
CMR,2005,44,39.0424981267577,Medium,Very high
CMR,2006,44,37.9548362663891,Medium,Very high
CMR,2007,44,37.8328595229301,Medium,Very high
CMR,2008,44,37.6755846840137,Medium,Very high
CMR,2009,44,37.5890786044834,Medium,Very high
CMR,2010,44,37.5139698769166,Medium,Very high
CMR,2011,44,37.6200482437525,Medium,Very high
CMR,2012,44,38.1562187221736,Medium,Very high
CMR,2013,44,38.2895446138787,Medium,Very high
CMR,2014,44,38.3327924992383,Medium,Very high
CMR,2015,44,38.3014689970622,Medium,Very high
CMR,2016,44,38.8595217290445,Medium,Very high
CMR,2017,44,38.821313319039,Medium,Very high
CMR,2018,44,38.681974012828,Medium,Very high
CMR,2019,44,38.6677179327665,Medium,Very high
CMR,2020,44,38.7707040870053,Medium,Very high
CMR,2021,44,38.5155194808014,Medium,Very high
CMR,2022,44,38.6711690279113,Medium,Very high
CMR,2023,44,38.6711690279113,Medium,Very high
CMR,2024,45,38.6711690279113,Medium,Very high
CMR,2025,45,38.6711690279113,Medium,Very high
COD,1995,55,33.3329833336614,High,Very high
COD,1996,55,33.2500889261213,High,Very high
COD,1997,55,33.1661866622041,High,Very high
COD,1998,55,33.095297671932,High,Very high
COD,1999,55,33.0309256584002,High,Very high
COD,2000,55,32.9948575327884,High,Very high
COD,2001,55,33.4469161485759,High,Very high
COD,2002,55,33.4957998998231,High,Very high
COD,2003,55,33.3743503497609,High,Very high
COD,2004,55,33.5298172082368,High,Very high
COD,2005,55,32.4786353091569,High,Very high
COD,2006,55,29.4590982966458,High,Very high
COD,2007,55,29.3352926836409,High,Very high
COD,2008,55,29.0373426360871,High,Very high
COD,2009,55,29.075934386018,High,Very high
COD,2010,55,27.9022007316588,High,Very high
COD,2011,55,28.8654641005391,High,Very high
COD,2012,55,28.9095492514551,High,Very high
COD,2013,55,29.0235693826042,High,Very high
COD,2014,55,28.9514168353542,High,Very high
COD,2015,55,29.7194575735317,High,Very high
COD,2016,55,31.955447408324,High,Very high
COD,2017,56,31.8835487566912,High,Very high
COD,2018,55,32.4103133810281,High,Very high
COD,2019,56,32.3546653213289,High,Very high
COD,2020,55,32.3993803833913,High,Very high
COD,2021,55,32.3890972680051,High,Very high
COD,2022,55,32.5128011087756,High,Very high
COD,2023,55,32.5128011087756,High,Very high
COD,2024,57,32.5128011087756,High,Very high
COD,2025,57,32.5128011087756,High,Very high
COG,1995,47,35.6717388345848,Medium,Very high
COG,1996,47,35.7326151109552,Medium,Very high
COG,1997,47,35.2346731547165,Medium,Very high
COG,1998,47,34.7741210665046,Medium,Very high
COG,1999,47,35.3152245729383,Medium,Very high
COG,2000,47,35.9245493311872,Medium,Very high
COG,2001,47,35.9562589182503,Medium,Very high
COG,2002,47,35.6509971487043,Medium,Very high
COG,2003,47,35.8580182398657,Medium,Very high
COG,2004,47,35.6441395971264,Medium,Very high
COG,2005,47,34.7822061485939,Medium,Very high
COG,2006,47,33.7910897233485,Medium,Very high
COG,2007,47,34.0006140690411,Medium,Very high
COG,2008,47,34.5251377966549,Medium,Very high
COG,2009,47,34.5436628887068,Medium,Very high
COG,2010,47,34.4501347582743,Medium,Very high
COG,2011,47,33.8993803988717,Medium,Very high
COG,2012,47,33.1715462624275,Medium,Very high
COG,2013,47,33.759091882972,Medium,Very high
COG,2014,47,34.4757806170609,Medium,Very high
COG,2015,47,34.3671095320662,Medium,Very high
COG,2016,47,36.5085835684251,Medium,Very high
COG,2017,48,35.7028271669233,Medium,Very high
COG,2018,48,35.9133825931796,Medium,Very high
COG,2019,48,35.631182033314,Medium,Very high
COG,2020,48,35.1717038897269,Medium,Very high
COG,2021,48,35.6798530967188,Medium,Very high
COG,2022,48,35.8753657898711,Medium,Very high
COG,2023,49,35.8753657898711,Medium,Very high
COG,2024,49,35.8753657898711,Medium,Very high
COG,2025,49,35.8753657898711,Medium,Very high
COL,1995,47,42.3417163608765,Medium,High
COL,1996,47,42.3501430644722,Medium,High
COL,1997,47,42.4119883883203,Medium,High
COL,1998,47,42.4811903433506,Medium,High
COL,1999,47,42.4913375112927,Medium,High
COL,2000,47,42.7099202825724,Medium,High
COL,2001,47,42.9968282896599,Medium,High
COL,2002,47,43.1246900440287,Medium,High
COL,2003,47,43.0710680702143,Medium,High
COL,2004,47,43.4941140902797,Medium,High
COL,2005,47,44.1984618785342,Medium,High
COL,2006,47,43.2006087076377,Medium,High
COL,2007,47,43.5626048585077,Medium,High
COL,2008,47,44.3693110204073,Medium,High
COL,2009,47,45.1986544261827,Medium,Medium
COL,2010,47,45.9681417939884,Medium,Medium
COL,2011,47,46.806948588151,Medium,Medium
COL,2012,47,46.8784776610428,Medium,Medium
COL,2013,47,46.98065436629,Medium,Medium
COL,2014,47,48.1362105112595,Medium,Medium
COL,2015,47,48.1675516847281,Medium,Medium
COL,2016,47,48.0370436601703,Medium,Medium
COL,2017,47,48.0318507250376,Medium,Medium
COL,2018,46,47.9348866520369,Medium,Medium
COL,2019,47,48.3761589758355,Medium,Medium
COL,2020,46,48.5010470676248,Medium,Medium
COL,2021,46,48.4168984873614,Medium,Medium
COL,2022,45,48.6904695569285,Medium,Medium
COL,2023,45,48.6904695569285,Medium,Medium
COL,2024,45,48.6904695569285,Medium,Medium
COL,2025,45,48.6904695569285,Medium,Medium
COM,1995,35,38.0592838822939,Medium,Very high
COM,1996,35,38.2017201286182,Medium,Very high
COM,1997,35,38.1728361731443,Medium,Very high
COM,1998,35,38.2851383459973,Medium,Very high
COM,1999,35,38.6269335481871,Medium,Very high
COM,2000,35,37.6575699788768,Medium,Very high
COM,2001,35,38.279097208786,Medium,Very high
COM,2002,35,38.949980616605,Medium,Very high
COM,2003,35,37.7944941458148,Medium,Very high
COM,2004,35,37.6017002362145,Medium,Very high
COM,2005,35,38.8391845274716,Medium,Very high
COM,2006,35,37.1647932925887,Medium,Very high
COM,2007,35,37.1183962349143,Medium,Very high
COM,2008,35,36.2776821345891,Medium,Very high
COM,2009,35,36.5039542745676,Medium,Very high
COM,2010,35,36.6674957354128,Medium,Very high
COM,2011,35,36.3618594027367,Medium,Very high
COM,2012,35,36.420723486379,Medium,Very high
COM,2013,35,37.3072157501908,Medium,Very high
COM,2014,35,37.8061294458075,Medium,Very high
COM,2015,35,38.1995749678289,Medium,Very high
COM,2016,35,38.5302740034369,Medium,Very high
COM,2017,35,38.3609023085254,Medium,Very high
COM,2018,34,37.9381232021323,Low,Very high
COM,2019,34,37.2608796205221,Low,Very high
COM,2020,32,37.3243272015961,Low,Very high
COM,2021,33,36.8121223110653,Low,Very high
COM,2022,34,36.859800081433,Low,Very high
COM,2023,33,36.859800081433,Low,Very high
COM,2024,33,36.859800081433,Low,Very high
COM,2025,33,36.859800081433,Low,Very high
CPV,1995,24,47.7359698667604,Low,Medium
CPV,1996,24,47.7582886823006,Low,Medium
CPV,1997,24,47.7112353987642,Low,Medium
CPV,1998,24,47.6815902213248,Low,Medium
CPV,1999,24,48.0170515964693,Low,Medium
CPV,2000,24,48.1401281873199,Low,Medium
CPV,2001,24,47.4191300830735,Low,Medium
CPV,2002,24,46.877698716762,Low,Medium
CPV,2003,24,47.2997227258258,Low,Medium
CPV,2004,24,47.2645739123748,Low,Medium
CPV,2005,24,48.5407025112709,Low,Medium
CPV,2006,24,46.9146387874759,Low,Medium
CPV,2007,24,47.4978907910387,Low,Medium
CPV,2008,24,47.7730003542151,Low,Medium
CPV,2009,24,48.1908228722155,Low,Medium
CPV,2010,24,48.130939051132,Low,Medium
CPV,2011,24,49.1763049432006,Low,Medium
CPV,2012,24,48.8955431260956,Low,Medium
CPV,2013,24,48.8311619954175,Low,Medium
CPV,2014,24,49.9866612954634,Low,Medium
CPV,2015,24,50.890762800039,Low,Low
CPV,2016,24,50.7482289284948,Low,Low
CPV,2017,24,50.6006202386198,Low,Low
CPV,2018,24,50.5200583103513,Low,Low
CPV,2019,25,50.7268206446248,Low,Low
CPV,2020,24,51.0079066395764,Low,Low
CPV,2021,24,51.1095770742842,Low,Low
CPV,2022,24,51.0736999801748,Low,Low
CPV,2023,24,51.0736999801748,Low,Low
CPV,2024,25,51.0736999801748,Low,Low
CPV,2025,25,51.0736999801748,Low,Low
CRI,1995,36,47.552091286123,Medium,Medium
CRI,1996,36,47.687083344816,Medium,Medium
CRI,1997,36,48.4050060587834,Medium,Medium
CRI,1998,36,48.907962060515,Medium,Medium
CRI,1999,36,48.8080474758262,Medium,Medium
CRI,2000,36,48.8084787865774,Medium,Medium
CRI,2001,36,48.4678957351213,Medium,Medium
CRI,2002,36,48.6221332058234,Medium,Medium
CRI,2003,36,48.7243898135672,Medium,Medium
CRI,2004,36,48.7732076028942,Medium,Medium
CRI,2005,36,49.2505005138846,Medium,Medium
CRI,2006,36,48.1813227969148,Medium,Medium
CRI,2007,36,48.2586712368086,Medium,Medium
CRI,2008,36,48.8741287017198,Medium,Medium
CRI,2009,36,49.2906910664366,Medium,Medium
CRI,2010,36,50.9004533982839,Medium,Low
CRI,2011,36,50.6770078617949,Medium,Low
CRI,2012,36,51.4288699532985,Medium,Low
CRI,2013,36,52.1234173067512,Medium,Low
CRI,2014,36,53.3076435344054,Medium,Low
CRI,2015,36,53.6262023668472,Medium,Low
CRI,2016,36,53.2945413767563,Medium,Low
CRI,2017,35,53.09686272864,Medium,Low
CRI,2018,35,53.2463760854343,Medium,Low
CRI,2019,35,53.3912693819668,Medium,Low
CRI,2020,35,53.5195669481864,Medium,Low
CRI,2021,35,53.3407752471575,Medium,Low
CRI,2022,35,53.661705500101,Medium,Low
CRI,2023,35,53.661705500101,Medium,Low
CRI,2024,35,53.661705500101,Medium,Low
CRI,2025,35,53.661705500101,Medium,Low
CUB,1995,36,41.3593146380651,Medium,High
CUB,1996,36,41.2624244673668,Medium,High
CUB,1997,36,41.051807617324,Medium,High
CUB,1998,36,40.9201277499998,Medium,High
CUB,1999,36,41.6497120437978,Medium,High
CUB,2000,36,42.1211606283189,Medium,High
CUB,2001,36,42.233621271408,Medium,High
CUB,2002,36,42.2674230477986,Medium,High
CUB,2003,36,42.043949633602,Medium,High
CUB,2004,36,43.210304056839,Medium,High
CUB,2005,36,44.1259815306983,Medium,High
CUB,2006,36,45.9904336846915,Medium,Medium
CUB,2007,36,47.1294874731236,Medium,Medium
CUB,2008,36,47.670228423512,Medium,Medium
CUB,2009,36,47.2289477360734,Medium,Medium
CUB,2010,36,46.1061708539716,Medium,Medium
CUB,2011,36,45.2999640451684,Medium,Medium
CUB,2012,36,44.4802671894511,Medium,High
CUB,2013,36,43.6107943039916,Medium,High
CUB,2014,36,43.7565469597214,Medium,High
CUB,2015,36,43.9044508323943,Medium,High
CUB,2016,36,44.3413033932587,Medium,High
CUB,2017,37,45.1325034760441,Medium,Medium
CUB,2018,36,45.1139657839238,Medium,Medium
CUB,2019,36,45.3233708416278,Medium,Medium
CUB,2020,35,45.3640211310841,Medium,Medium
CUB,2021,35,45.4527002836149,Medium,Medium
CUB,2022,35,45.6085459859143,Medium,Medium
CUB,2023,35,45.6085459859143,Medium,Medium
CUB,2024,35,45.6085459859143,Medium,Medium
CUB,2025,35,45.6085459859143,Medium,Medium
CYP,1995,26,54.2615143496594,Low,Low
CYP,1996,26,54.2603973982177,Low,Low
CYP,1997,26,53.9716798609451,Low,Low
CYP,1998,26,54.0979056393406,Low,Low
CYP,1999,26,54.3629131300147,Low,Low
CYP,2000,26,54.5224025037267,Low,Low
CYP,2001,26,54.7791331821765,Low,Low
CYP,2002,26,55.2010824416859,Low,Low
CYP,2003,26,55.7414713939996,Low,Low
CYP,2004,26,55.4330196783662,Low,Low
CYP,2005,26,56.6851644924783,Low,Low
CYP,2006,26,60.582406788177,Low,Very low
CYP,2007,26,60.6586924672136,Low,Very low
CYP,2008,26,61.6175419970306,Low,Very low
CYP,2009,26,57.0399302828928,Low,Low
CYP,2010,26,56.9851977430788,Low,Low
CYP,2011,26,56.6610268413397,Low,Low
CYP,2012,26,56.9979728404935,Low,Low
CYP,2013,26,57.094742141788,Low,Low
CYP,2014,26,57.9255972793938,Low,Low
CYP,2015,26,57.9773255621058,Low,Low
CYP,2016,26,57.5868203687721,Low,Low
CYP,2017,26,58.2402196381068,Low,Low
CYP,2018,26,57.955431882058,Low,Low
CYP,2019,25,58.2543637124735,Low,Low
CYP,2020,25,57.9573095269018,Low,Low
CYP,2021,25,58.0939982748,Low,Low
CYP,2022,26,58.0631949836649,Low,Low
CYP,2023,26,58.0631949836649,Low,Low
CYP,2024,26,58.0631949836649,Low,Low
CYP,2025,26,58.0631949836649,Low,Low
CZE,1995,18,59.7816861815413,Very low,Low
CZE,1996,18,59.7903804616174,Very low,Low
CZE,1997,18,59.59845704207,Very low,Low
CZE,1998,18,59.5520679618287,Very low,Low
CZE,1999,18,59.0937587094603,Very low,Low
CZE,2000,18,58.7836999842081,Very low,Low
CZE,2001,18,59.617379636094,Very low,Low
CZE,2002,18,60.4026827508897,Very low,Very low
CZE,2003,18,60.8078128246236,Very low,Very low
CZE,2004,18,60.5372573251002,Very low,Very low
CZE,2005,18,60.9026961375593,Very low,Very low
CZE,2006,18,61.3583107250271,Very low,Very low
CZE,2007,18,61.8923202935468,Very low,Very low
CZE,2008,18,62.3054908565699,Very low,Very low
CZE,2009,18,62.243082842073,Very low,Very low
CZE,2010,18,63.058557543498,Very low,Very low
CZE,2011,18,63.4748186527646,Very low,Very low
CZE,2012,18,63.65941435703,Very low,Very low
CZE,2013,18,64.3821247609858,Very low,Very low
CZE,2014,18,65.1756075303205,Very low,Very low
CZE,2015,18,65.2961644645444,Very low,Very low
CZE,2016,18,64.8927857664957,Very low,Very low
CZE,2017,18,65.2697130785478,Very low,Very low
CZE,2018,17,65.0649398636176,Very low,Very low
CZE,2019,17,64.9332458454159,Very low,Very low
CZE,2020,18,64.5933823947448,Very low,Very low
CZE,2021,18,64.6661795561026,Very low,Very low
CZE,2022,18,64.651308043735,Very low,Very low
CZE,2023,18,64.651308043735,Very low,Very low
CZE,2024,18,64.651308043735,Very low,Very low
CZE,2025,18,64.651308043735,Very low,Very low
DEU,1995,20,65.5808544492594,Low,Very low
DEU,1996,20,65.6394550715252,Low,Very low
DEU,1997,20,65.620555272914,Low,Very low
DEU,1998,20,65.6728154141289,Low,Very low
DEU,1999,20,65.9479502386132,Low,Very low
DEU,2000,20,66.3368286230958,Low,Very low
DEU,2001,20,66.3261278925942,Low,Very low
DEU,2002,20,66.5125063250361,Low,Very low
DEU,2003,20,66.2515573560051,Low,Very low
DEU,2004,20,66.3783031284106,Low,Very low
DEU,2005,20,66.8014957432871,Low,Very low
DEU,2006,20,68.9839689987943,Low,Very low
DEU,2007,20,69.3890188385594,Low,Very low
DEU,2008,20,69.2360663463844,Low,Very low
DEU,2009,20,68.9343475700844,Low,Very low
DEU,2010,20,69.8729831742317,Low,Very low
DEU,2011,20,69.8076039201091,Low,Very low
DEU,2012,20,69.9126384345726,Low,Very low
DEU,2013,20,70.2836827792909,Low,Very low
DEU,2014,20,71.3606186163316,Low,Very low
DEU,2015,20,70.7949528864607,Low,Very low
DEU,2016,20,69.9873265869737,Low,Very low
DEU,2017,21,69.8640057424058,Low,Very low
DEU,2018,20,69.8721110590901,Low,Very low
DEU,2019,21,69.6846299781139,Low,Very low
DEU,2020,21,69.5078949021276,Low,Very low
DEU,2021,21,69.732689071003,Low,Very low
DEU,2022,21,69.482489906852,Low,Very low
DEU,2023,21,69.482489906852,Low,Very low
DEU,2024,21,69.482489906852,Low,Very low
DEU,2025,21,69.482489906852,Low,Very low
DJI,1995,53,40.3452766876692,High,High
DJI,1996,53,40.3445110903954,High,High
DJI,1997,53,40.2731650282268,High,High
DJI,1998,53,40.2205346700142,High,High
DJI,1999,53,40.6278646577566,High,High
DJI,2000,53,41.0310178278557,High,High
DJI,2001,53,41.1480440928281,High,High
DJI,2002,53,40.3309486214777,High,High
DJI,2003,53,39.5750734788544,High,Very high
DJI,2004,53,40.9233603879946,High,High
DJI,2005,53,40.665690451338,High,High
DJI,2006,53,38.5600465063576,High,Very high
DJI,2007,53,39.0633148669941,High,Very high
DJI,2008,53,40.4092699530308,High,High
DJI,2009,53,40.8216314260937,High,High
DJI,2010,53,40.2128334983683,High,High
DJI,2011,53,40.1923778389013,High,High
DJI,2012,53,39.5804496668327,High,Very high
DJI,2013,53,39.7167948972572,High,Very high
DJI,2014,53,40.1047992360907,High,High
DJI,2015,53,39.7854737569815,High,Very high
DJI,2016,53,39.7072759047012,High,Very high
DJI,2017,52,40.839592734778,High,High
DJI,2018,51,41.818799240197,High,High
DJI,2019,51,42.0314704892461,High,High
DJI,2020,49,41.7637699287272,Medium,High
DJI,2021,49,41.1478939463211,Medium,High
DJI,2022,49,41.1227566734789,Medium,High
DJI,2023,49,41.1227566734789,Medium,High
DJI,2024,51,41.1227566734789,High,High
DJI,2025,50,41.1227566734789,High,High
DMA,1995,36,55.7328687479554,Medium,Low
DMA,1996,36,55.5851579170117,Medium,Low
DMA,1997,36,55.7484260038802,Medium,Low
DMA,1998,36,55.8496519778882,Medium,Low
DMA,1999,36,55.6890930730963,Medium,Low
DMA,2000,36,55.5548537051159,Medium,Low
DMA,2001,36,56.0493030474173,Medium,Low
DMA,2002,36,55.4504694648712,Medium,Low
DMA,2003,36,56.0154085576198,Medium,Low
DMA,2004,36,56.0675436384783,Medium,Low
DMA,2005,36,57.9125771841101,Medium,Low
DMA,2006,36,54.9695880958519,Medium,Low
DMA,2007,36,54.834784211602,Medium,Low
DMA,2008,36,54.9320650338461,Medium,Low
DMA,2009,36,54.6880192662018,Medium,Low
DMA,2010,36,54.6836042148233,Medium,Low
DMA,2011,36,54.5427784714586,Medium,Low
DMA,2012,36,54.1602379614221,Medium,Low
DMA,2013,36,54.8451483573442,Medium,Low
DMA,2014,36,55.1430587412265,Medium,Low
DMA,2015,36,55.230544617416,Medium,Low
DMA,2016,36,54.781376481236,Medium,Low
DMA,2017,36,54.9339609171512,Medium,Low
DMA,2018,39,54.8300419068618,Medium,Low
DMA,2019,39,54.2173743358906,Medium,Low
DMA,2020,38,53.4586431990589,Medium,Low
DMA,2021,38,52.9997459062418,Medium,Low
DMA,2022,38,52.9778431456094,Medium,Low
DMA,2023,38,52.9778431456094,Medium,Low
DMA,2024,38,52.9778431456094,Medium,Low
DMA,2025,38,52.9778431456094,Medium,Low
DNK,1995,11,65.3884092372315,Very low,Very low
DNK,1996,11,65.6288618138084,Very low,Very low
DNK,1997,11,65.8232687121511,Very low,Very low
DNK,1998,11,66.1423740876608,Very low,Very low
DNK,1999,11,66.5373927978996,Very low,Very low
DNK,2000,11,66.8273711562598,Very low,Very low
DNK,2001,11,67.0236082145937,Very low,Very low
DNK,2002,11,67.3922558504132,Very low,Very low
DNK,2003,11,67.5291390505353,Very low,Very low
DNK,2004,11,67.8330329137424,Very low,Very low
DNK,2005,11,68.110276167985,Very low,Very low
DNK,2006,11,71.1237773464622,Very low,Very low
DNK,2007,11,71.451855656948,Very low,Very low
DNK,2008,11,71.3510286214658,Very low,Very low
DNK,2009,11,71.1448699713348,Very low,Very low
DNK,2010,11,71.6207660509367,Very low,Very low
DNK,2011,11,72.1592806732062,Very low,Very low
DNK,2012,11,72.3759648977818,Very low,Very low
DNK,2013,11,72.4856083206116,Very low,Very low
DNK,2014,11,72.7310637650302,Very low,Very low
DNK,2015,11,72.7360024371574,Very low,Very low
DNK,2016,11,71.5715452244908,Very low,Very low
DNK,2017,10,71.6091572247035,Very low,Very low
DNK,2018,10,71.3540146934584,Very low,Very low
DNK,2019,10,70.9890671963154,Very low,Very low
DNK,2020,10,71.2459927866754,Very low,Very low
DNK,2021,10,71.1918609054503,Very low,Very low
DNK,2022,10,71.0953047206142,Very low,Very low
DNK,2023,10,71.0953047206142,Very low,Very low
DNK,2024,10,71.0953047206142,Very low,Very low
DNK,2025,10,71.0953047206142,Very low,Very low
DOM,1995,53,43.6719384491371,High,High
DOM,1996,53,43.7076666603356,High,High
DOM,1997,53,43.4716746321055,High,High
DOM,1998,53,43.300003496574,High,High
DOM,1999,53,43.6223510388774,High,High
DOM,2000,53,43.7928480135099,High,High
DOM,2001,53,44.0945806543659,High,High
DOM,2002,53,43.9183999216739,High,High
DOM,2003,53,43.2078751677719,High,High
DOM,2004,53,43.7843736915244,High,High
DOM,2005,53,43.5995344985286,High,High
DOM,2006,53,43.9419947399962,High,High
DOM,2007,53,44.5068349474364,High,High
DOM,2008,53,45.1863745043718,High,Medium
DOM,2009,53,46.0450555038388,High,Medium
DOM,2010,53,45.7268906967661,High,Medium
DOM,2011,53,45.4823277299684,High,Medium
DOM,2012,53,45.9121520514243,High,Medium
DOM,2013,53,45.9557103638707,High,Medium
DOM,2014,53,46.3218179038723,High,Medium
DOM,2015,53,46.259452994902,High,Medium
DOM,2016,53,46.3214405049574,High,Medium
DOM,2017,52,46.1936425383755,High,Medium
DOM,2018,52,46.061902835258,High,Medium
DOM,2019,52,46.158760882738,High,Medium
DOM,2020,52,46.3424100364523,High,Medium
DOM,2021,52,46.6210795614696,High,Medium
DOM,2022,51,46.7333636313101,High,Medium
DOM,2023,51,46.7333636313101,High,Medium
DOM,2024,50,46.7333636313101,High,Medium
DOM,2025,50,46.7333636313101,High,Medium
DZA,1995,38,45.1127923932982,Medium,Medium
DZA,1996,38,45.2254302476797,Medium,Medium
DZA,1997,38,45.1229199417696,Medium,Medium
DZA,1998,38,45.1214090805595,Medium,Medium
DZA,1999,38,45.4517339755475,Medium,Medium
DZA,2000,38,45.731270750393,Medium,Medium
DZA,2001,38,45.9439481612633,Medium,Medium
DZA,2002,38,46.138175054306,Medium,Medium
DZA,2003,38,46.5935630759994,Medium,Medium
DZA,2004,38,47.1752757137895,Medium,Medium
DZA,2005,38,47.3663962059711,Medium,Medium
DZA,2006,38,45.8413458977289,Medium,Medium
DZA,2007,38,45.8536474422821,Medium,Medium
DZA,2008,38,46.0102998590063,Medium,Medium
DZA,2009,38,45.7986578324391,Medium,Medium
DZA,2010,38,45.3119673749583,Medium,Medium
DZA,2011,38,44.849571884504,Medium,High
DZA,2012,38,44.9275170246077,Medium,High
DZA,2013,38,45.6583534457279,Medium,Medium
DZA,2014,38,45.5873205415529,Medium,Medium
DZA,2015,38,45.8095276778573,Medium,Medium
DZA,2016,38,46.3052314161791,Medium,Medium
DZA,2017,38,47.3539746753376,Medium,Medium
DZA,2018,38,47.3612355352363,Medium,Medium
DZA,2019,38,47.3820408433226,Medium,Medium
DZA,2020,38,48.6543516691284,Medium,Medium
DZA,2021,38,48.2741848857991,Medium,Medium
DZA,2022,39,48.6665011319576,Medium,Medium
DZA,2023,39,48.6665011319576,Medium,Medium
DZA,2024,38,48.6665011319576,Medium,Medium
DZA,2025,38,48.6665011319576,Medium,Medium
ECU,1995,50,40.5404587243847,High,High
ECU,1996,50,40.3724399474061,High,High
ECU,1997,50,40.6651065848968,High,High
ECU,1998,50,40.7619854985787,High,High
ECU,1999,50,40.0108999641403,High,High
ECU,2000,50,39.901683430454,High,Very high
ECU,2001,50,39.8118711768656,High,Very high
ECU,2002,50,39.5886505254829,High,Very high
ECU,2003,50,39.9725812185725,High,Very high
ECU,2004,50,40.4124451534464,High,High
ECU,2005,50,40.3920409876282,High,High
ECU,2006,50,40.2250073202527,High,High
ECU,2007,50,40.5362726844177,High,High
ECU,2008,50,40.9113794360366,High,High
ECU,2009,50,40.8680404060976,High,High
ECU,2010,50,40.8324065513982,High,High
ECU,2011,50,41.2384592394575,High,High
ECU,2012,50,41.5214895379439,High,High
ECU,2013,50,41.8396478092928,High,High
ECU,2014,50,42.413305374562,High,High
ECU,2015,50,42.1580066713127,High,High
ECU,2016,50,43.241034883243,High,High
ECU,2017,50,43.7253803371008,High,High
ECU,2018,50,44.008071657911,High,High
ECU,2019,49,44.2070890297299,Medium,High
ECU,2020,48,43.8507309258942,Medium,High
ECU,2021,48,44.1388583451711,Medium,High
ECU,2022,48,44.0762831128738,Medium,High
ECU,2023,48,44.0762831128738,Medium,High
ECU,2024,49,44.0762831128738,Medium,High
ECU,2025,49,44.0762831128738,Medium,High
EGY,1995,48,45.5916323049754,Medium,Medium
EGY,1996,48,45.5782252948569,Medium,Medium
EGY,1997,48,45.6242013066509,Medium,Medium
EGY,1998,48,45.8742808147838,Medium,Medium
EGY,1999,48,45.8605977597447,Medium,Medium
EGY,2000,48,45.872740663701,Medium,Medium
EGY,2001,48,45.7258318181703,Medium,Medium
EGY,2002,48,45.673089157929,Medium,Medium
EGY,2003,48,45.32003286138,Medium,Medium
EGY,2004,48,45.3516485770355,Medium,Medium
EGY,2005,48,45.1046285820882,Medium,Medium
EGY,2006,48,43.2953103928741,Medium,High
EGY,2007,48,43.8988958457549,Medium,High
EGY,2008,48,45.385575381659,Medium,Medium
EGY,2009,48,46.0564890756119,Medium,Medium
EGY,2010,48,46.3796125710673,Medium,Medium
EGY,2011,48,45.9056371255058,Medium,Medium
EGY,2012,48,46.19326719078,Medium,Medium
EGY,2013,48,45.9425104519531,Medium,Medium
EGY,2014,48,46.1393424646184,Medium,Medium
EGY,2015,48,46.1891059849646,Medium,Medium
EGY,2016,48,45.8609421923925,Medium,Medium
EGY,2017,47,46.4521761634388,Medium,Medium
EGY,2018,48,46.8623261637227,Medium,Medium
EGY,2019,47,47.1345560159174,Medium,Medium
EGY,2020,47,47.3591369957734,Medium,Medium
EGY,2021,47,47.6186465279365,Medium,Medium
EGY,2022,47,47.5894206662017,Medium,Medium
EGY,2023,47,47.5894206662017,Medium,Medium
EGY,2024,46,47.5894206662017,Medium,Medium
EGY,2025,46,47.5894206662017,Medium,Medium
ERI,1995,50,35.9948572696095,High,Very high
ERI,1996,50,36.078225936266,High,Very high
ERI,1997,50,36.3220081074331,High,Very high
ERI,1998,50,36.4299745173392,High,Very high
ERI,1999,50,36.4753393582287,High,Very high
ERI,2000,50,36.5408320739129,High,Very high
ERI,2001,50,35.8045122033694,High,Very high
ERI,2002,50,35.3388555532179,High,Very high
ERI,2003,50,33.5696586798848,High,Very high
ERI,2004,50,33.3327027859848,High,Very high
ERI,2005,50,31.6827134730537,High,Very high
ERI,2006,50,30.1966101022498,High,Very high
ERI,2007,50,29.9651213741789,High,Very high
ERI,2008,50,30.2051761362698,High,Very high
ERI,2009,50,29.9162457479047,High,Very high
ERI,2010,50,29.5072713749848,High,Very high
ERI,2011,50,29.5807086765721,High,Very high
ERI,2012,50,29.6568166821472,High,Very high
ERI,2013,50,29.4167550286414,High,Very high
ERI,2014,50,29.7121666178867,High,Very high
ERI,2015,50,29.3633369546394,High,Very high
ERI,2016,50,30.882790398015,High,Very high
ERI,2017,51,30.3916455732922,High,Very high
ERI,2018,50,30.4170556565479,High,Very high
ERI,2019,49,30.4225395197158,Medium,Very high
ERI,2020,49,30.6878114487078,Medium,Very high
ERI,2021,48,30.7711686182722,Medium,Very high
ERI,2022,49,30.6462464528392,Medium,Very high
ERI,2023,48,30.6462464528392,Medium,Very high
ERI,2024,48,30.6462464528392,Medium,Very high
ERI,2025,48,30.6462464528392,Medium,Very high
ESP,1995,25,58.8567975794499,Low,Low
ESP,1996,25,59.0787458695746,Low,Low
ESP,1997,25,59.3258321117468,Low,Low
ESP,1998,25,59.5428971423179,Low,Low
ESP,1999,25,60.0840253630875,Low,Very low
ESP,2000,25,60.7541235216508,Low,Very low
ESP,2001,25,60.7727309726734,Low,Very low
ESP,2002,25,60.8658010544071,Low,Very low
ESP,2003,25,60.9393236559637,Low,Very low
ESP,2004,25,60.9177974630889,Low,Very low
ESP,2005,25,61.2409001754761,Low,Very low
ESP,2006,25,61.7045968091199,Low,Very low
ESP,2007,25,61.8762174156937,Low,Very low
ESP,2008,25,61.8795414120013,Low,Very low
ESP,2009,25,61.4260383195945,Low,Very low
ESP,2010,25,61.235525709801,Low,Very low
ESP,2011,25,61.616922572609,Low,Very low
ESP,2012,25,61.8099542473629,Low,Very low
ESP,2013,25,61.8849239540033,Low,Very low
ESP,2014,25,62.2259449508225,Low,Very low
ESP,2015,25,62.398006311665,Low,Very low
ESP,2016,25,62.3709601950565,Low,Very low
ESP,2017,25,62.6483646741481,Low,Very low
ESP,2018,25,62.416484752347,Low,Very low
ESP,2019,25,62.2929675879414,Low,Very low
ESP,2020,25,62.1538356866688,Low,Very low
ESP,2021,25,62.3265932393994,Low,Very low
ESP,2022,25,61.9447169488168,Low,Very low
ESP,2023,25,61.9447169488168,Low,Very low
ESP,2024,25,61.9447169488168,Low,Very low
ESP,2025,25,61.9447169488168,Low,Very low
EST,1995,15,55.7168662106993,Very low,Low
EST,1996,15,55.9899003849604,Very low,Low
EST,1997,15,56.0892424947372,Very low,Low
EST,1998,15,55.7787706153916,Very low,Low
EST,1999,15,56.1883231082644,Very low,Low
EST,2000,15,56.7952041627491,Very low,Low
EST,2001,15,57.1054516960445,Very low,Low
EST,2002,15,57.4982189879611,Very low,Low
EST,2003,15,57.7418463669285,Very low,Low
EST,2004,15,58.152291118528,Very low,Low
EST,2005,15,58.8353272487926,Very low,Low
EST,2006,15,62.1525003569851,Very low,Very low
EST,2007,15,62.6458800537468,Very low,Very low
EST,2008,15,63.2469081443429,Very low,Very low
EST,2009,15,63.2437462888124,Very low,Very low
EST,2010,15,63.7071099588693,Very low,Very low
EST,2011,15,63.574007336949,Very low,Very low
EST,2012,15,63.0124359958191,Very low,Very low
EST,2013,15,63.723884430882,Very low,Very low
EST,2014,15,65.2766222044063,Very low,Very low
EST,2015,15,65.0477967156321,Very low,Very low
EST,2016,15,63.9994498979755,Very low,Very low
EST,2017,15,64.0989923120853,Very low,Very low
EST,2018,16,64.031525253038,Very low,Very low
EST,2019,15,64.2563070563784,Very low,Very low
EST,2020,15,64.0276426307259,Very low,Very low
EST,2021,14,64.473626717757,Very low,Very low
EST,2022,14,64.5164233669762,Very low,Very low
EST,2023,14,64.5164233669762,Very low,Very low
EST,2024,14,64.5164233669762,Very low,Very low
EST,2025,14,64.5164233669762,Very low,Very low
ETH,1995,52,34.21959177936,High,Very high
ETH,1996,52,34.5004651524101,High,Very high
ETH,1997,52,34.9972000493721,High,Very high
ETH,1998,52,35.2431078306232,High,Very high
ETH,1999,52,35.1537768890671,High,Very high
ETH,2000,52,35.1060525708155,High,Very high
ETH,2001,52,35.0088586810459,High,Very high
ETH,2002,52,35.4835589073011,High,Very high
ETH,2003,52,35.2550129496876,High,Very high
ETH,2004,52,35.2471542246426,High,Very high
ETH,2005,52,34.8421303645323,High,Very high
ETH,2006,52,34.6156967515343,High,Very high
ETH,2007,52,34.8542416350779,High,Very high
ETH,2008,52,34.7088119619961,High,Very high
ETH,2009,52,34.8904002725102,High,Very high
ETH,2010,52,35.1335422825537,High,Very high
ETH,2011,52,35.2710009020206,High,Very high
ETH,2012,52,35.4016777291668,High,Very high
ETH,2013,52,35.9237404474441,High,Very high
ETH,2014,52,36.2239236882685,High,Very high
ETH,2015,52,36.8954573858358,High,Very high
ETH,2016,52,37.9974816777827,High,Very high
ETH,2017,51,37.7002621744928,High,Very high
ETH,2018,51,38.9629646681592,High,Very high
ETH,2019,50,39.5700317432266,High,Very high
ETH,2020,50,39.0026222871872,High,Very high
ETH,2021,50,38.4686688161388,High,Very high
ETH,2022,50,38.6948716459445,High,Very high
ETH,2023,50,38.6948716459445,High,Very high
ETH,2024,50,38.6948716459445,High,Very high
ETH,2025,50,38.6948716459445,High,Very high
FIN,1995,15,67.986939165863,Very low,Very low
FIN,1996,15,68.0386217494529,Very low,Very low
FIN,1997,15,68.2406742033413,Very low,Very low
FIN,1998,15,68.6598050593682,Very low,Very low
FIN,1999,15,69.0312633298693,Very low,Very low
FIN,2000,15,69.1640832188916,Very low,Very low
FIN,2001,15,69.4108953774253,Very low,Very low
FIN,2002,15,69.7503628775823,Very low,Very low
FIN,2003,15,69.8500191373399,Very low,Very low
FIN,2004,15,69.7272356261884,Very low,Very low
FIN,2005,15,70.3857111494708,Very low,Very low
FIN,2006,15,72.2234091163256,Very low,Very low
FIN,2007,15,72.2682206308391,Very low,Very low
FIN,2008,15,72.4617116821799,Very low,Very low
FIN,2009,15,72.3129233860446,Very low,Very low
FIN,2010,15,72.9056170948255,Very low,Very low
FIN,2011,15,72.8900349824443,Very low,Very low
FIN,2012,15,73.4287091535702,Very low,Very low
FIN,2013,15,73.4870240705581,Very low,Very low
FIN,2014,15,73.9135869096265,Very low,Very low
FIN,2015,15,73.1260164372646,Very low,Very low
FIN,2016,15,72.2460721367458,Very low,Very low
FIN,2017,15,72.3085172354812,Very low,Very low
FIN,2018,15,72.1239843927086,Very low,Very low
FIN,2019,15,72.43211078894,Very low,Very low
FIN,2020,15,72.7561335969683,Very low,Very low
FIN,2021,15,73.0556392877596,Very low,Very low
FIN,2022,15,72.9382595862857,Very low,Very low
FIN,2023,15,72.9382595862857,Very low,Very low
FIN,2024,15,72.9382595862857,Very low,Very low
FIN,2025,15,72.9382595862857,Very low,Very low
FJI,1995,36,43.2161219272038,Medium,High
FJI,1996,36,43.1718768066762,Medium,High
FJI,1997,36,43.2531428263449,Medium,High
FJI,1998,36,43.2618036877955,Medium,High
FJI,1999,36,42.6414838419041,Medium,High
FJI,2000,36,42.0407318278538,Medium,High
FJI,2001,36,42.4231661488205,Medium,High
FJI,2002,36,43.0964204188673,Medium,High
FJI,2003,36,42.8629773367043,Medium,High
FJI,2004,36,42.5831912840869,Medium,High
FJI,2005,36,43.326953793958,Medium,High
FJI,2006,36,45.3759432986848,Medium,Medium
FJI,2007,36,45.4782819756828,Medium,Medium
FJI,2008,36,45.1928222148429,Medium,Medium
FJI,2009,36,44.0343622653056,Medium,High
FJI,2010,36,44.7555518462802,Medium,High
FJI,2011,36,45.5320719187342,Medium,Medium
FJI,2012,36,45.5006265140837,Medium,Medium
FJI,2013,36,45.7120955488405,Medium,Medium
FJI,2014,36,47.1934574412063,Medium,Medium
FJI,2015,36,47.5466955218423,Medium,Medium
FJI,2016,36,48.1400285793741,Medium,Medium
FJI,2017,36,48.8627181231045,Medium,Medium
FJI,2018,34,49.1726793759836,Low,Medium
FJI,2019,32,51.4813100154009,Low,Low
FJI,2020,32,51.1274816433967,Low,Low
FJI,2021,32,50.9162353133256,Low,Low
FJI,2022,33,50.8963409782399,Low,Low
FJI,2023,33,50.8963409782399,Low,Low
FJI,2024,33,50.8963409782399,Low,Low
FJI,2025,33,50.8963409782399,Low,Low
FRA,1995,24,63.8991883034281,Low,Very low
FRA,1996,24,64.0787224462856,Low,Very low
FRA,1997,24,64.0176829013566,Low,Very low
FRA,1998,24,63.8940219913677,Low,Very low
FRA,1999,24,64.0870000038346,Low,Very low
FRA,2000,24,64.1965619018003,Low,Very low
FRA,2001,24,64.3200556459903,Low,Very low
FRA,2002,24,64.2350716388454,Low,Very low
FRA,2003,24,64.2485680995137,Low,Very low
FRA,2004,24,64.6046689499479,Low,Very low
FRA,2005,24,64.7438265211306,Low,Very low
FRA,2006,24,65.6953095807801,Low,Very low
FRA,2007,24,66.6425843272759,Low,Very low
FRA,2008,24,66.8624240831374,Low,Very low
FRA,2009,24,67.0483259561626,Low,Very low
FRA,2010,24,67.8797502804357,Low,Very low
FRA,2011,24,67.7434127414611,Low,Very low
FRA,2012,24,67.7528137236056,Low,Very low
FRA,2013,24,67.601527786375,Low,Very low
FRA,2014,24,68.1537434089723,Low,Very low
FRA,2015,24,68.1059165259704,Low,Very low
FRA,2016,24,67.5364666507052,Low,Very low
FRA,2017,24,67.8062384066021,Low,Very low
FRA,2018,23,67.7258621382238,Low,Very low
FRA,2019,23,68.3441092970479,Low,Very low
FRA,2020,23,67.4949095807853,Low,Very low
FRA,2021,24,67.9252970258852,Low,Very low
FRA,2022,23,67.7259781902156,Low,Very low
FRA,2023,24,67.7259781902156,Low,Very low
FRA,2024,24,67.7259781902156,Low,Very low
FRA,2025,24,67.7259781902156,Low,Very low
FSM,1995,34,34.8932603017021,Low,Very high
FSM,1996,34,34.9418150039571,Low,Very high
FSM,1997,34,35.0096037636469,Low,Very high
FSM,1998,34,35.1002005675952,Low,Very high
FSM,1999,34,35.1465329221963,Low,Very high
FSM,2000,34,35.1961086707883,Low,Very high
FSM,2001,34,35.3176877964459,Low,Very high
FSM,2002,34,35.4094906746416,Low,Very high
FSM,2003,34,35.3610140716912,Low,Very high
FSM,2004,34,35.9682929487081,Low,Very high
FSM,2005,34,35.8299414062307,Low,Very high
FSM,2006,34,36.3754621929839,Low,Very high
FSM,2007,34,36.2739346221301,Low,Very high
FSM,2008,34,35.5713746980578,Low,Very high
FSM,2009,34,35.4683290698565,Low,Very high
FSM,2010,34,35.3640426705166,Low,Very high
FSM,2011,34,35.1110737356633,Low,Very high
FSM,2012,34,35.4880682503143,Low,Very high
FSM,2013,34,35.7671159662788,Low,Very high
FSM,2014,34,36.1676692294974,Low,Very high
FSM,2015,34,36.3294445976029,Low,Very high
FSM,2016,34,36.6750494419027,Low,Very high
FSM,2017,34,36.7536337369381,Low,Very high
FSM,2018,37,37.339422157394,Medium,Very high
FSM,2019,37,37.1557387111649,Medium,Very high
FSM,2020,38,37.185333936291,Medium,Very high
FSM,2021,37,36.9594751672132,Medium,Very high
FSM,2022,37,37.2103257577991,Medium,Very high
FSM,2023,37,37.2103257577991,Medium,Very high
FSM,2024,37,37.2103257577991,Medium,Very high
FSM,2025,38,37.2103257577991,Medium,Very high
GAB,1995,39,45.3391396087664,Medium,Medium
GAB,1996,39,45.3911958290062,Medium,Medium
GAB,1997,39,45.7695489233796,Medium,Medium
GAB,1998,39,46.1889753043072,Medium,Medium
GAB,1999,39,46.3926188256172,Medium,Medium
GAB,2000,39,46.7872249188663,Medium,Medium
GAB,2001,39,46.8466133411407,Medium,Medium
GAB,2002,39,46.894267298321,Medium,Medium
GAB,2003,39,46.7824177922986,Medium,Medium
GAB,2004,39,46.2199191696084,Medium,Medium
GAB,2005,39,47.9612016112909,Medium,Medium
GAB,2006,39,43.3180342848809,Medium,High
GAB,2007,39,43.2367237034296,Medium,High
GAB,2008,39,42.9966402225263,Medium,High
GAB,2009,39,42.9625571318465,Medium,High
GAB,2010,39,42.9349084894427,Medium,High
GAB,2011,39,42.8678096066306,Medium,High
GAB,2012,39,43.3459131327622,Medium,High
GAB,2013,39,43.2062556388228,Medium,High
GAB,2014,39,43.7392854963913,Medium,High
GAB,2015,39,43.3742930315414,Medium,High
GAB,2016,39,43.3473627291737,Medium,High
GAB,2017,39,43.1155110273262,Medium,High
GAB,2018,39,42.9846449205885,Medium,High
GAB,2019,39,42.9208152080126,Medium,High
GAB,2020,39,42.5003763696735,Medium,High
GAB,2021,39,42.9990369146147,Medium,High
GAB,2022,38,42.9820683004914,Medium,High
GAB,2023,39,42.9820683004914,Medium,High
GAB,2024,39,42.9820683004914,Medium,High
GAB,2025,39,42.9820683004914,Medium,High
GBR,1995,16,67.1310187573081,Very low,Very low
GBR,1996,16,67.2537987770684,Very low,Very low
GBR,1997,16,67.4374389033852,Very low,Very low
GBR,1998,16,67.5924191220542,Very low,Very low
GBR,1999,16,67.8549376621128,Very low,Very low
GBR,2000,16,67.9062117179843,Very low,Very low
GBR,2001,16,67.8246917220459,Very low,Very low
GBR,2002,16,67.9998910874301,Very low,Very low
GBR,2003,16,67.8482635022441,Very low,Very low
GBR,2004,16,67.7218185527723,Very low,Very low
GBR,2005,16,67.4275316451165,Very low,Very low
GBR,2006,16,69.5414519846884,Very low,Very low
GBR,2007,16,69.5803598088514,Very low,Very low
GBR,2008,16,69.3542039939012,Very low,Very low
GBR,2009,16,68.8302214371096,Very low,Very low
GBR,2010,16,70.0428616859252,Very low,Very low
GBR,2011,16,69.7577519523645,Very low,Very low
GBR,2012,16,69.8252476749132,Very low,Very low
GBR,2013,16,70.1360332108772,Very low,Very low
GBR,2014,16,71.4899257838751,Very low,Very low
GBR,2015,16,71.9095028062726,Very low,Very low
GBR,2016,16,71.1493166684707,Very low,Very low
GBR,2017,16,70.8177265124676,Very low,Very low
GBR,2018,16,70.3834972584624,Very low,Very low
GBR,2019,17,70.5520511684023,Very low,Very low
GBR,2020,17,70.1736548922192,Very low,Very low
GBR,2021,17,70.038392953616,Very low,Very low
GBR,2022,17,70.2999246661636,Very low,Very low
GBR,2023,17,70.2999246661636,Very low,Very low
GBR,2024,17,70.2999246661636,Very low,Very low
GBR,2025,17,70.2999246661636,Very low,Very low
GEO,1995,37,44.3327434254396,Medium,High
GEO,1996,37,44.41975122578,Medium,High
GEO,1997,37,44.6024924254855,Medium,High
GEO,1998,37,45.4328112580604,Medium,Medium
GEO,1999,37,45.8470178199795,Medium,Medium
GEO,2000,37,46.2554962501756,Medium,Medium
GEO,2001,37,46.3004325807984,Medium,Medium
GEO,2002,37,45.7431172462687,Medium,Medium
GEO,2003,37,46.6523206903963,Medium,Medium
GEO,2004,37,47.7239515529017,Medium,Medium
GEO,2005,37,48.0802906475595,Medium,Medium
GEO,2006,37,47.6811585184153,Medium,Medium
GEO,2007,37,50.5465009736964,Medium,Low
GEO,2008,37,50.6302940847426,Medium,Low
GEO,2009,37,51.2819437316454,Medium,Low
GEO,2010,37,52.5452025775944,Medium,Low
GEO,2011,37,52.8743764866489,Medium,Low
GEO,2012,37,53.9168247653284,Medium,Low
GEO,2013,37,54.90065055765,Medium,Low
GEO,2014,37,56.6005635607752,Medium,Low
GEO,2015,37,56.1378651271136,Medium,Low
GEO,2016,37,56.2731660011368,Medium,Low
GEO,2017,36,57.9288928737068,Medium,Low
GEO,2018,36,58.4069580732762,Medium,Low
GEO,2019,35,57.2412947265591,Medium,Low
GEO,2020,36,58.310858822128,Medium,Low
GEO,2021,36,58.6814277516676,Medium,Low
GEO,2022,36,58.7153017726772,Medium,Low
GEO,2023,35,58.7153017726772,Medium,Low
GEO,2024,36,58.7153017726772,Medium,Low
GEO,2025,36,58.7153017726772,Medium,Low
GHA,1995,41,40.6742760089223,Medium,High
GHA,1996,41,40.5811691508107,Medium,High
GHA,1997,41,40.5873969219681,Medium,High
GHA,1998,41,40.339688560694,Medium,High
GHA,1999,41,40.553507582384,Medium,High
GHA,2000,41,40.8400886736108,Medium,High
GHA,2001,41,40.3302254708745,Medium,High
GHA,2002,41,40.1042921753257,Medium,High
GHA,2003,41,40.8290160475144,Medium,High
GHA,2004,41,40.5708336879552,Medium,High
GHA,2005,41,40.6249888594104,Medium,High
GHA,2006,41,40.8589164716272,Medium,High
GHA,2007,41,41.2449195623553,Medium,High
GHA,2008,41,41.7759173839428,Medium,High
GHA,2009,41,42.2163966314882,Medium,High
GHA,2010,41,42.4575729543283,Medium,High
GHA,2011,41,43.30978464363,Medium,High
GHA,2012,41,43.1802800691122,Medium,High
GHA,2013,41,43.5972078769125,Medium,High
GHA,2014,41,43.3188041761656,Medium,High
GHA,2015,41,43.0952169983094,Medium,High
GHA,2016,41,43.5445480701116,Medium,High
GHA,2017,38,43.8936603391064,Medium,High
GHA,2018,38,44.0705559485957,Medium,High
GHA,2019,38,45.0027168765348,Medium,Medium
GHA,2020,38,45.2127831432512,Medium,Medium
GHA,2021,37,45.1408648948952,Medium,Medium
GHA,2022,37,45.1804122705703,Medium,Medium
GHA,2023,36,45.1804122705703,Medium,Medium
GHA,2024,36,45.1804122705703,Medium,Medium
GHA,2025,36,45.1804122705703,Medium,Medium
GIN,1995,49,37.0037147058766,Medium,Very high
GIN,1996,49,37.1628541558582,Medium,Very high
GIN,1997,49,37.2482701875349,Medium,Very high
GIN,1998,49,37.3238059916532,Medium,Very high
GIN,1999,49,36.7130708630579,Medium,Very high
GIN,2000,49,36.3536057731885,Medium,Very high
GIN,2001,49,36.503152761175,Medium,Very high
GIN,2002,49,36.9211557495618,Medium,Very high
GIN,2003,49,37.494409294538,Medium,Very high
GIN,2004,49,37.5101311891151,Medium,Very high
GIN,2005,49,37.01698340504,Medium,Very high
GIN,2006,49,34.6776672108155,Medium,Very high
GIN,2007,49,34.5679799435891,Medium,Very high
GIN,2008,49,35.1771258731809,Medium,Very high
GIN,2009,49,35.1743281891539,Medium,Very high
GIN,2010,49,35.1051837200465,Medium,Very high
GIN,2011,49,35.0129897818898,Medium,Very high
GIN,2012,49,35.5635348185916,Medium,Very high
GIN,2013,49,36.2139092420596,Medium,Very high
GIN,2014,49,37.2064649364666,Medium,Very high
GIN,2015,49,37.7064673877046,Medium,Very high
GIN,2016,49,37.9888808376466,Medium,Very high
GIN,2017,48,38.9491835383275,Medium,Very high
GIN,2018,48,38.6961257514603,Medium,Very high
GIN,2019,47,39.1747611743382,Medium,Very high
GIN,2020,47,39.2154231508847,Medium,Very high
GIN,2021,47,38.5488882760111,Medium,Very high
GIN,2022,47,38.7591797159866,Medium,Very high
GIN,2023,47,38.7591797159866,Medium,Very high
GIN,2024,47,38.7591797159866,Medium,Very high
GIN,2025,47,38.7591797159866,Medium,Very high
GMB,1995,38,40.4522193684594,Medium,High
GMB,1996,38,40.4176184090996,Medium,High
GMB,1997,38,40.5087262469628,Medium,High
GMB,1998,38,40.52658780054,Medium,High
GMB,1999,38,40.7147910726269,Medium,High
GMB,2000,38,40.9300278685264,Medium,High
GMB,2001,38,40.8885355457634,Medium,High
GMB,2002,38,41.219227873187,Medium,High
GMB,2003,38,41.243100200097,Medium,High
GMB,2004,38,40.4121463157994,Medium,High
GMB,2005,38,41.2456476810321,Medium,High
GMB,2006,38,38.2603122059367,Medium,Very high
GMB,2007,38,38.5740782011025,Medium,Very high
GMB,2008,38,38.3747471295161,Medium,Very high
GMB,2009,38,38.3952053221432,Medium,Very high
GMB,2010,38,37.6872571928313,Medium,Very high
GMB,2011,38,38.1556856550507,Medium,Very high
GMB,2012,38,38.0321500837469,Medium,Very high
GMB,2013,38,37.8392069313578,Medium,Very high
GMB,2014,38,38.064696806774,Medium,Very high
GMB,2015,38,38.2445407998839,Medium,Very high
GMB,2016,38,37.7476894306092,Medium,Very high
GMB,2017,38,38.5707305919911,Medium,Very high
GMB,2018,39,38.5679992394755,Medium,Very high
GMB,2019,37,39.1177470593975,Medium,Very high
GMB,2020,38,40.965546029129,Medium,High
GMB,2021,38,39.5054272001101,Medium,Very high
GMB,2022,38,39.815618373724,Medium,Very high
GMB,2023,37,39.815618373724,Medium,Very high
GMB,2024,37,39.815618373724,Medium,Very high
GMB,2025,37,39.815618373724,Medium,Very high
GNB,1995,45,32.2235838535482,Medium,Very high
GNB,1996,45,32.1488208178256,Medium,Very high
GNB,1997,45,31.8441207430702,Medium,Very high
GNB,1998,45,31.5380559615074,Medium,Very high
GNB,1999,45,32.569927935393,Medium,Very high
GNB,2000,45,33.6126712809474,Medium,Very high
GNB,2001,45,33.3205910347365,Medium,Very high
GNB,2002,45,33.2070973259792,Medium,Very high
GNB,2003,45,33.5368094250516,Medium,Very high
GNB,2004,45,33.7959072763237,Medium,Very high
GNB,2005,45,34.4137004040726,Medium,Very high
GNB,2006,45,30.948872629937,Medium,Very high
GNB,2007,45,30.9611005159395,Medium,Very high
GNB,2008,45,30.6449064951799,Medium,Very high
GNB,2009,45,30.5953719307839,Medium,Very high
GNB,2010,45,29.7567015577535,Medium,Very high
GNB,2011,45,29.953300703668,Medium,Very high
GNB,2012,45,30.5227252206513,Medium,Very high
GNB,2013,45,30.667518721765,Medium,Very high
GNB,2014,45,31.124537322463,Medium,Very high
GNB,2015,45,31.231161118252,Medium,Very high
GNB,2016,45,31.508155242555,Medium,Very high
GNB,2017,43,32.0041468876513,Medium,Very high
GNB,2018,43,32.0436754809067,Medium,Very high
GNB,2019,43,32.4279029922853,Medium,Very high
GNB,2020,43,32.030771892436,Medium,Very high
GNB,2021,41,32.8006293023672,Medium,Very high
GNB,2022,41,32.8960354590742,Medium,Very high
GNB,2023,41,32.8960354590742,Medium,Very high
GNB,2024,41,32.8960354590742,Medium,Very high
GNB,2025,42,32.8960354590742,Medium,Very high
GNQ,1995,42,42.1757576772365,Medium,High
GNQ,1996,42,42.2783925080041,Medium,High
GNQ,1997,42,42.2718488412501,Medium,High
GNQ,1998,42,42.1124369850598,Medium,High
GNQ,1999,42,42.0053626613007,Medium,High
GNQ,2000,42,41.8995721578135,Medium,High
GNQ,2001,42,41.1484165588194,Medium,High
GNQ,2002,42,42.1606343479385,Medium,High
GNQ,2003,42,42.8784935036693,Medium,High
GNQ,2004,42,42.7487609552947,Medium,High
GNQ,2005,42,43.5988202178119,Medium,High
GNQ,2006,42,41.2995112621894,Medium,High
GNQ,2007,42,41.689804770305,Medium,High
GNQ,2008,42,41.8885557561241,Medium,High
GNQ,2009,42,41.6906441902546,Medium,High
GNQ,2010,42,41.7548933487336,Medium,High
GNQ,2011,42,41.6517790864556,Medium,High
GNQ,2012,42,41.8061167148787,Medium,High
GNQ,2013,42,42.0036180377205,Medium,High
GNQ,2014,42,41.8347967893733,Medium,High
GNQ,2015,42,41.5315329499232,Medium,High
GNQ,2016,42,41.70280055253,Medium,High
GNQ,2017,41,41.2890396047523,Medium,High
GNQ,2018,41,41.6442921827143,Medium,High
GNQ,2019,40,41.8875201310181,Medium,High
GNQ,2020,40,41.9559515770093,Medium,High
GNQ,2021,40,42.0418929946953,Medium,High
GNQ,2022,40,42.1893528348334,Medium,High
GNQ,2023,40,42.1893528348334,Medium,High
GNQ,2024,40,42.1893528348334,Medium,High
GNQ,2025,39,42.1893528348334,Medium,High
GRC,1995,34,53.9416262138322,Low,Low
GRC,1996,34,54.1768813256449,Low,Low
GRC,1997,34,54.6413177806842,Low,Low
GRC,1998,34,54.9345063063031,Low,Low
GRC,1999,34,55.3130711539411,Low,Low
GRC,2000,34,55.6612902312764,Low,Low
GRC,2001,34,56.0160087424818,Low,Low
GRC,2002,34,56.2273485549034,Low,Low
GRC,2003,34,56.3463971346127,Low,Low
GRC,2004,34,56.6237168404644,Low,Low
GRC,2005,34,56.5256743259919,Low,Low
GRC,2006,34,57.6776386997854,Low,Low
GRC,2007,34,57.6564925792746,Low,Low
GRC,2008,34,57.4072572512669,Low,Low
GRC,2009,34,57.4727322265825,Low,Low
GRC,2010,34,57.5060822212744,Low,Low
GRC,2011,34,57.1005531375453,Low,Low
GRC,2012,34,56.72809324354,Low,Low
GRC,2013,34,57.7230202682978,Low,Low
GRC,2014,34,58.3401077062219,Low,Low
GRC,2015,34,58.3637954913094,Low,Low
GRC,2016,34,57.9932417679181,Low,Low
GRC,2017,34,57.9675847549857,Low,Low
GRC,2018,33,58.4180342644795,Low,Low
GRC,2019,34,58.7092214185138,Low,Low
GRC,2020,32,59.1932739832798,Low,Low
GRC,2021,32,59.6749564170588,Low,Low
GRC,2022,32,59.5325799450569,Low,Low
GRC,2023,31,59.5325799450569,Low,Low
GRC,2024,32,59.5325799450569,Low,Low
GRC,2025,32,59.5325799450569,Low,Low
GRD,1995,31,53.1955357011667,Low,Low
GRD,1996,31,53.2463762992289,Low,Low
GRD,1997,31,53.3823331262612,Low,Low
GRD,1998,31,53.5795112628588,Low,Low
GRD,1999,31,53.653679895842,Low,Low
GRD,2000,31,53.7569072522469,Low,Low
GRD,2001,31,53.7859053512535,Low,Low
GRD,2002,31,53.9794089649958,Low,Low
GRD,2003,31,54.4235793027475,Low,Low
GRD,2004,31,54.1255118183678,Low,Low
GRD,2005,31,55.2766285858494,Low,Low
GRD,2006,31,52.0877204321399,Low,Low
GRD,2007,31,51.9199343084612,Low,Low
GRD,2008,31,51.5435115594578,Low,Low
GRD,2009,31,51.731927042248,Low,Low
GRD,2010,31,52.8555503571738,Low,Low
GRD,2011,31,53.5322919192114,Low,Low
GRD,2012,31,54.0072758581648,Low,Low
GRD,2013,31,54.3358687637162,Low,Low
GRD,2014,31,55.4872011240827,Low,Low
GRD,2015,31,56.4304564523402,Low,Low
GRD,2016,31,56.7031901120555,Low,Low
GRD,2017,31,56.5933293303767,Low,Low
GRD,2018,30,56.5107565745562,Low,Low
GRD,2019,30,56.581382440304,Low,Low
GRD,2020,30,56.7195228781752,Low,Low
GRD,2021,30,57.2507714667824,Low,Low
GRD,2022,31,57.3745087666977,Low,Low
GRD,2023,31,57.3745087666977,Low,Low
GRD,2024,31,57.3745087666977,Low,Low
GRD,2025,31,57.3745087666977,Low,Low
GTM,1995,55,39.1253425661879,High,Very high
GTM,1996,55,39.2269755246341,High,Very high
GTM,1997,55,39.6422512180029,High,Very high
GTM,1998,55,39.8600256420921,High,Very high
GTM,1999,55,40.0627360654797,High,High
GTM,2000,55,40.1096107221837,High,High
GTM,2001,55,40.0262036745506,High,High
GTM,2002,55,40.0570482350686,High,High
GTM,2003,55,40.0275111412705,High,High
GTM,2004,55,40.6696254362839,High,High
GTM,2005,55,40.1702249027811,High,High
GTM,2006,55,39.3490111345097,High,Very high
GTM,2007,55,39.7713970977802,High,Very high
GTM,2008,55,40.1664875628065,High,High
GTM,2009,55,40.2369991747429,High,High
GTM,2010,55,41.1733357158761,High,High
GTM,2011,55,41.2934416848318,High,High
GTM,2012,55,41.3101985532424,High,High
GTM,2013,55,41.8109134343668,High,High
GTM,2014,55,42.7704902732935,High,High
GTM,2015,55,42.924047141029,High,High
GTM,2016,55,43.2777006490556,High,High
GTM,2017,54,43.6207425520086,High,High
GTM,2018,54,43.6629354223783,High,High
GTM,2019,55,43.5990653399472,High,High
GTM,2020,55,43.2646105600706,High,High
GTM,2021,54,43.2310595799289,High,High
GTM,2022,54,43.6975640193155,High,High
GTM,2023,55,43.6975640193155,High,High
GTM,2024,54,43.6975640193155,High,High
GTM,2025,54,43.6975640193155,High,High
GUY,1995,42,43.5551511735206,Medium,High
GUY,1996,42,43.5901666169343,Medium,High
GUY,1997,42,43.79692634281,Medium,High
GUY,1998,42,43.7663751729151,Medium,High
GUY,1999,42,43.5087207302307,Medium,High
GUY,2000,42,43.2459094825007,Medium,High
GUY,2001,42,43.1881743657156,Medium,High
GUY,2002,42,43.1423796912421,Medium,High
GUY,2003,42,42.9273873608185,Medium,High
GUY,2004,42,42.9706115616853,Medium,High
GUY,2005,42,40.5660871857437,Medium,High
GUY,2006,42,40.2916684774228,Medium,High
GUY,2007,42,39.943339891494,Medium,Very high
GUY,2008,42,40.4019695531947,Medium,High
GUY,2009,42,40.0259245380156,Medium,High
GUY,2010,42,40.3028667168838,Medium,High
GUY,2011,42,40.4243648630552,Medium,High
GUY,2012,42,40.3584514284072,Medium,High
GUY,2013,42,40.791644235492,Medium,High
GUY,2014,42,41.5600825698469,Medium,High
GUY,2015,42,41.5900285670837,Medium,High
GUY,2016,42,42.0531592215792,Medium,High
GUY,2017,41,41.8540387948062,Medium,High
GUY,2018,41,42.300149838511,Medium,High
GUY,2019,41,42.9075150424896,Medium,High
GUY,2020,39,44.6199751674973,Medium,High
GUY,2021,39,45.1982235358815,Medium,Medium
GUY,2022,39,45.223702991737,Medium,Medium
GUY,2023,39,45.223702991737,Medium,Medium
GUY,2024,39,45.223702991737,Medium,Medium
GUY,2025,39,45.223702991737,Medium,Medium
HND,1995,53,39.7284861983211,High,Very high
HND,1996,53,39.6136743265248,High,Very high
HND,1997,53,40.311112180565,High,High
HND,1998,53,40.3622005277474,High,High
HND,1999,53,40.2505875694281,High,High
HND,2000,53,40.2519826264971,High,High
HND,2001,53,40.1948781371019,High,High
HND,2002,53,39.6962685800721,High,Very high
HND,2003,53,39.5060734554867,High,Very high
HND,2004,53,39.7668960177112,High,Very high
HND,2005,53,39.3933945525098,High,Very high
HND,2006,53,39.4209143305602,High,Very high
HND,2007,53,40.2662950077922,High,High
HND,2008,53,40.5407219245876,High,High
HND,2009,53,41.1810614807655,High,High
HND,2010,53,40.9913457702552,High,High
HND,2011,53,40.5222556754576,High,High
HND,2012,53,40.0811832664889,High,High
HND,2013,53,40.4723070963423,High,High
HND,2014,53,40.8309309620973,High,High
HND,2015,53,41.1268020712877,High,High
HND,2016,53,40.7922630650601,High,High
HND,2017,53,40.7223789239159,High,High
HND,2018,53,41.0892266944125,High,High
HND,2019,53,40.7353872779438,High,High
HND,2020,54,40.6409728062221,High,High
HND,2021,53,40.5133558463577,High,High
HND,2022,53,40.8113189161742,High,High
HND,2023,53,40.8113189161742,High,High
HND,2024,53,40.8113189161742,High,High
HND,2025,53,40.8113189161742,High,High
HRV,1995,35,50.2810207633541,Medium,Low
HRV,1996,35,50.2934223726026,Medium,Low
HRV,1997,35,50.5094103723207,Medium,Low
HRV,1998,35,50.7525634842279,Medium,Low
HRV,1999,35,51.3762118467449,Medium,Low
HRV,2000,35,52.2456850465495,Medium,Low
HRV,2001,35,53.0679101875225,Medium,Low
HRV,2002,35,53.473589734071,Medium,Low
HRV,2003,35,54.293629297109,Medium,Low
HRV,2004,35,54.7222083269821,Medium,Low
HRV,2005,35,54.1464699608943,Medium,Low
HRV,2006,35,53.2766994600575,Medium,Low
HRV,2007,35,53.7894591502464,Medium,Low
HRV,2008,35,53.7637449241455,Medium,Low
HRV,2009,35,53.58745079859,Medium,Low
HRV,2010,35,54.2955854051857,Medium,Low
HRV,2011,35,54.3116801556726,Medium,Low
HRV,2012,35,54.4239123750982,Medium,Low
HRV,2013,35,54.8303582680222,Medium,Low
HRV,2014,35,55.1557356028649,Medium,Low
HRV,2015,35,55.3278372221622,Medium,Low
HRV,2016,35,55.6643291416333,Medium,Low
HRV,2017,35,55.3771952441746,Medium,Low
HRV,2018,35,55.524383430645,Medium,Low
HRV,2019,35,55.7384429717841,Medium,Low
HRV,2020,35,55.401394122297,Medium,Low
HRV,2021,35,55.3256082462363,Medium,Low
HRV,2022,34,55.4449467637838,Low,Low
HRV,2023,33,55.4449467637838,Low,Low
HRV,2024,33,55.4449467637838,Low,Low
HRV,2025,33,55.4449467637838,Low,Low
HTI,1995,66,35.8414030687985,Very high,Very high
HTI,1996,66,35.8878815273226,Very high,Very high
HTI,1997,66,35.7735745158958,Very high,Very high
HTI,1998,66,35.7470950444383,Very high,Very high
HTI,1999,66,35.8483774320219,Very high,Very high
HTI,2000,66,35.9522959573484,Very high,Very high
HTI,2001,66,35.4166853532344,Very high,Very high
HTI,2002,66,34.889071566807,Very high,Very high
HTI,2003,66,34.7368050143451,Very high,Very high
HTI,2004,66,34.1998678155717,Very high,Very high
HTI,2005,66,33.9689939001832,Very high,Very high
HTI,2006,66,34.0413031154743,Very high,Very high
HTI,2007,66,34.4665745481413,Very high,Very high
HTI,2008,66,34.8396627829643,Very high,Very high
HTI,2009,66,35.1127350764458,Very high,Very high
HTI,2010,66,35.0337846917271,Very high,Very high
HTI,2011,66,34.9247208203778,Very high,Very high
HTI,2012,66,35.3853989893144,Very high,Very high
HTI,2013,66,35.7835667827934,Very high,Very high
HTI,2014,66,35.8563999163898,Very high,Very high
HTI,2015,66,35.6529136732282,Very high,Very high
HTI,2016,66,36.1708739687101,Very high,Very high
HTI,2017,66,36.3045677403583,Very high,Very high
HTI,2018,66,36.4146414838392,Very high,Very high
HTI,2019,65,36.1588302134902,Very high,Very high
HTI,2020,66,35.9983463462791,Very high,Very high
HTI,2021,65,35.6035604195346,Very high,Very high
HTI,2022,66,35.3433162814781,Very high,Very high
HTI,2023,66,35.3433162814781,Very high,Very high
HTI,2024,66,35.3433162814781,Very high,Very high
HTI,2025,66,35.3433162814781,Very high,Very high
HUN,1995,26,56.2958242948881,Low,Low
HUN,1996,26,55.8110626700246,Low,Low
HUN,1997,26,55.8761097155679,Low,Low
HUN,1998,26,56.0784952016465,Low,Low
HUN,1999,26,56.2239328380603,Low,Low
HUN,2000,26,56.5746559319345,Low,Low
HUN,2001,26,57.2604133132168,Low,Low
HUN,2002,26,57.5462062235585,Low,Low
HUN,2003,26,56.9955446414368,Low,Low
HUN,2004,26,57.225512802731,Low,Low
HUN,2005,26,57.187513581202,Low,Low
HUN,2006,26,58.257054959503,Low,Low
HUN,2007,26,58.1816688311042,Low,Low
HUN,2008,26,58.2626650285608,Low,Low
HUN,2009,26,58.4836300161117,Low,Low
HUN,2010,26,58.1184322580922,Low,Low
HUN,2011,26,58.6443500676306,Low,Low
HUN,2012,26,58.6390970134538,Low,Low
HUN,2013,26,58.5335012168558,Low,Low
HUN,2014,26,58.3075443925722,Low,Low
HUN,2015,26,58.158558104494,Low,Low
HUN,2016,26,57.6671029222064,Low,Low
HUN,2017,26,57.348303472059,Low,Low
HUN,2018,26,57.0533381487969,Low,Low
HUN,2019,26,57.0953268407099,Low,Low
HUN,2020,27,57.2558146049959,Low,Low
HUN,2021,26,57.5604773870338,Low,Low
HUN,2022,25,57.0648487908271,Low,Low
HUN,2023,25,57.0648487908271,Low,Low
HUN,2024,25,57.0648487908271,Low,Low
HUN,2025,25,57.0648487908271,Low,Low
IDN,1995,56,42.8651224566954,High,High
IDN,1996,56,42.8223262689836,High,High
IDN,1997,56,42.7338748826134,High,High
IDN,1998,56,42.1323827942247,High,High
IDN,1999,56,42.3175013808851,High,High
IDN,2000,56,42.7895985900999,High,High
IDN,2001,56,42.6217138738036,High,High
IDN,2002,56,42.4769608259658,High,High
IDN,2003,56,42.0788823452013,High,High
IDN,2004,56,42.2364484758121,High,High
IDN,2005,56,43.6681752380635,High,High
IDN,2006,56,47.6349412731823,High,Medium
IDN,2007,56,48.2673126354356,High,Medium
IDN,2008,56,48.8100629944841,High,Medium
IDN,2009,56,48.8750308550134,High,Medium
IDN,2010,56,50.0894134112294,High,Low
IDN,2011,56,50.330903187798,High,Low
IDN,2012,56,50.8792672122737,High,Low
IDN,2013,56,51.3133684371098,High,Low
IDN,2014,56,44.2904807306569,High,High
IDN,2015,56,44.3033460728636,High,High
IDN,2016,56,44.5801914207447,High,High
IDN,2017,55,45.7321037398511,High,Medium
IDN,2018,54,46.383050089505,High,Medium
IDN,2019,54,47.5022247252989,High,Medium
IDN,2020,53,47.9665548451211,High,Medium
IDN,2021,53,48.3467649009465,High,Medium
IDN,2022,53,48.54543216591,High,Medium
IDN,2023,53,48.54543216591,High,Medium
IDN,2024,53,48.54543216591,High,Medium
IDN,2025,53,48.54543216591,High,Medium
IND,1995,57,41.8808022019716,High,High
IND,1996,57,41.9770424279313,High,High
IND,1997,57,42.0871341652295,High,High
IND,1998,57,42.179335383332,High,High
IND,1999,57,42.3278498884619,High,High
IND,2000,57,42.5787725569198,High,High
IND,2001,57,42.3267907880235,High,High
IND,2002,57,42.0303085008303,High,High
IND,2003,57,42.2292702438259,High,High
IND,2004,57,42.4815528976181,High,High
IND,2005,57,44.1188187617224,High,High
IND,2006,57,47.7416491877617,High,Medium
IND,2007,57,47.7989761577507,High,Medium
IND,2008,57,48.0870246296137,High,Medium
IND,2009,57,48.0457480541818,High,Medium
IND,2010,57,49.4537331561749,High,Medium
IND,2011,57,49.6404391562389,High,Medium
IND,2012,57,49.8003705357603,High,Medium
IND,2013,57,50.1726031350722,High,Low
IND,2014,57,40.2456781721873,High,High
IND,2015,57,40.2486195000674,High,High
IND,2016,57,42.1819464876785,High,High
IND,2017,57,43.4177637586218,High,High
IND,2018,56,44.2114734997519,High,High
IND,2019,55,45.1275367037228,High,Medium
IND,2020,56,46.3626725757547,High,Medium
IND,2021,55,46.6543045951004,High,Medium
IND,2022,55,47.0643411663074,High,Medium
IND,2023,54,47.0643411663074,High,Medium
IND,2024,53,47.0643411663074,High,Medium
IND,2025,53,47.0643411663074,High,Medium
IRL,1995,15,58.9273080315183,Very low,Low
IRL,1996,15,59.0804705159302,Very low,Low
IRL,1997,15,59.4015772970173,Very low,Low
IRL,1998,15,59.7596969457,Very low,Low
IRL,1999,15,59.9058463543891,Very low,Low
IRL,2000,15,60.1925066901767,Very low,Very low
IRL,2001,15,60.3024685789234,Very low,Very low
IRL,2002,15,60.4906423541148,Very low,Very low
IRL,2003,15,60.3666794830073,Very low,Very low
IRL,2004,15,60.2268121095968,Very low,Very low
IRL,2005,15,60.8851183213561,Very low,Very low
IRL,2006,15,63.7430265004373,Very low,Very low
IRL,2007,15,64.5436706591424,Very low,Very low
IRL,2008,15,64.45563819413,Very low,Very low
IRL,2009,15,64.2037506652455,Very low,Very low
IRL,2010,15,64.11979543116,Very low,Very low
IRL,2011,15,64.0030230346318,Very low,Very low
IRL,2012,15,63.3549801004544,Very low,Very low
IRL,2013,15,64.1956879709465,Very low,Very low
IRL,2014,15,65.5184957135468,Very low,Very low
IRL,2015,15,65.958182544316,Very low,Very low
IRL,2016,15,65.0107145971552,Very low,Very low
IRL,2017,16,64.8236316539681,Very low,Very low
IRL,2018,16,64.6810868876671,Very low,Very low
IRL,2019,16,64.119443315255,Very low,Very low
IRL,2020,16,64.3274359933393,Very low,Very low
IRL,2021,15,64.3945244136638,Very low,Very low
IRL,2022,15,64.4956207902955,Very low,Very low
IRL,2023,14,64.4956207902955,Very low,Very low
IRL,2024,14,64.4956207902955,Very low,Very low
IRL,2025,14,64.4956207902955,Very low,Very low
IRN,1995,52,46.222310091972,High,Medium
IRN,1996,52,46.3012293193924,High,Medium
IRN,1997,52,46.3098786405874,High,Medium
IRN,1998,52,46.3473874123777,High,Medium
IRN,1999,52,46.4711655081725,High,Medium
IRN,2000,52,46.7248886932471,High,Medium
IRN,2001,52,47.3511579739517,High,Medium
IRN,2002,52,47.865465000651,High,Medium
IRN,2003,52,48.3583267188272,High,Medium
IRN,2004,52,48.9613138112841,High,Medium
IRN,2005,52,49.3589012589324,High,Medium
IRN,2006,52,48.4686709319792,High,Medium
IRN,2007,52,49.7514462436954,High,Medium
IRN,2008,52,51.0827624967427,High,Low
IRN,2009,52,49.4704682542401,High,Medium
IRN,2010,52,49.2961159152765,High,Medium
IRN,2011,52,49.9438275596491,High,Medium
IRN,2012,52,49.9968239539814,High,Medium
IRN,2013,52,50.3242034186628,High,Low
IRN,2014,52,52.0298195509906,High,Low
IRN,2015,52,52.5966385046525,High,Low
IRN,2016,52,53.9462647816442,High,Low
IRN,2017,52,53.8875048331883,High,Low
IRN,2018,51,51.8212652011367,High,Low
IRN,2019,51,51.4313338249651,High,Low
IRN,2020,52,51.0009883390523,High,Low
IRN,2021,52,50.4659617418549,High,Low
IRN,2022,52,50.5634959482335,High,Low
IRN,2023,52,50.5634959482335,High,Low
IRN,2024,52,50.5634959482335,High,Low
IRN,2025,52,50.5634959482335,High,Low
IRQ,1995,58,41.7569344464094,High,High
IRQ,1996,58,41.7511167409626,High,High
IRQ,1997,58,41.9325827362248,High,High
IRQ,1998,58,42.0994448555901,High,High
IRQ,1999,58,42.0929426347606,High,High
IRQ,2000,58,42.1023252489765,High,High
IRQ,2001,58,42.3047235724119,High,High
IRQ,2002,58,42.4648558019605,High,High
IRQ,2003,58,42.383836495493,High,High
IRQ,2004,58,41.1334601739648,High,High
IRQ,2005,58,40.1645466958906,High,High
IRQ,2006,58,39.7128648750778,High,Very high
IRQ,2007,58,39.467449319931,High,Very high
IRQ,2008,58,40.361255308938,High,High
IRQ,2009,58,40.6126022891145,High,High
IRQ,2010,58,40.6139435041619,High,High
IRQ,2011,58,40.9152139656669,High,High
IRQ,2012,58,40.7918216357264,High,High
IRQ,2013,58,41.0825304240953,High,High
IRQ,2014,58,41.6183511702889,High,High
IRQ,2015,58,41.4033732334406,High,High
IRQ,2016,58,42.3838943673369,High,High
IRQ,2017,58,43.0204537926758,High,High
IRQ,2018,57,43.2512238544734,High,High
IRQ,2019,58,43.0397825224404,High,High
IRQ,2020,57,42.8984749567151,High,High
IRQ,2021,57,43.2873896421343,High,High
IRQ,2022,57,43.5843162838383,High,High
IRQ,2023,59,43.5843162838383,High,High
IRQ,2024,59,43.5843162838383,High,High
IRQ,2025,59,43.5843162838383,High,High
ISL,1995,15,59.5829374132897,Very low,Low
ISL,1996,15,59.4832589671797,Very low,Low
ISL,1997,15,60.3605474109213,Very low,Very low
ISL,1998,15,62.1539623001857,Very low,Very low
ISL,1999,15,62.372336966328,Very low,Very low
ISL,2000,15,64.1143659349225,Very low,Very low
ISL,2001,15,64.1147218693297,Very low,Very low
ISL,2002,15,65.4356351268094,Very low,Very low
ISL,2003,15,65.7458225059438,Very low,Very low
ISL,2004,15,66.1463123885896,Very low,Very low
ISL,2005,15,66.4856097502246,Very low,Very low
ISL,2006,15,67.7468632948584,Very low,Very low
ISL,2007,15,69.2247701097249,Very low,Very low
ISL,2008,15,68.5460021932507,Very low,Very low
ISL,2009,15,68.7951958194936,Very low,Very low
ISL,2010,15,68.966361225385,Very low,Very low
ISL,2011,15,68.9333037045572,Very low,Very low
ISL,2012,15,68.1080778559243,Very low,Very low
ISL,2013,15,68.1753030572085,Very low,Very low
ISL,2014,15,70.1885890831655,Very low,Very low
ISL,2015,15,69.0167425713427,Very low,Very low
ISL,2016,15,68.0253942804813,Very low,Very low
ISL,2017,16,68.0486566202859,Very low,Very low
ISL,2018,16,69.0388499454233,Very low,Very low
ISL,2019,16,68.5095322035031,Very low,Very low
ISL,2020,16,68.1660390244551,Very low,Very low
ISL,2021,16,68.0734493901267,Very low,Very low
ISL,2022,17,67.615587751063,Very low,Very low
ISL,2023,17,67.615587751063,Very low,Very low
ISL,2024,17,67.615587751063,Very low,Very low
ISL,2025,17,67.615587751063,Very low,Very low
ISR,1995,26,59.4802527392452,Low,Low
ISR,1996,26,59.6496598813981,Low,Low
ISR,1997,26,59.4709652280511,Low,Low
ISR,1998,26,59.4198452503336,Low,Low
ISR,1999,26,59.6237630714819,Low,Low
ISR,2000,26,59.8345031218105,Low,Low
ISR,2001,26,59.4722520028947,Low,Low
ISR,2002,26,59.3095002010709,Low,Low
ISR,2003,26,59.42799137009,Low,Low
ISR,2004,26,59.6139149154917,Low,Low
ISR,2005,26,59.1413450551637,Low,Low
ISR,2006,26,60.3426529681496,Low,Very low
ISR,2007,26,61.0654511825978,Low,Very low
ISR,2008,26,61.4500229152568,Low,Very low
ISR,2009,26,60.4481648333917,Low,Very low
ISR,2010,26,61.0073926471528,Low,Very low
ISR,2011,26,61.2761385696175,Low,Very low
ISR,2012,26,60.8982848130135,Low,Very low
ISR,2013,26,60.9062953649095,Low,Very low
ISR,2014,26,61.631396368673,Low,Very low
ISR,2015,26,61.8547105157698,Low,Very low
ISR,2016,26,61.4264310280736,Low,Very low
ISR,2017,25,61.0396657133341,Low,Very low
ISR,2018,25,61.0227729672035,Low,Very low
ISR,2019,26,60.7945765961231,Low,Very low
ISR,2020,25,61.787061987686,Low,Very low
ISR,2021,27,62.1456173163542,Low,Very low
ISR,2022,26,62.1323247860919,Low,Very low
ISR,2023,25,62.1323247860919,Low,Very low
ISR,2024,25,62.1323247860919,Low,Very low
ISR,2025,25,62.1323247860919,Low,Very low
ITA,1995,31,56.5674662849156,Low,Low
ITA,1996,31,56.5048194634697,Low,Low
ITA,1997,31,56.5437693206791,Low,Low
ITA,1998,31,56.4512857232594,Low,Low
ITA,1999,31,56.6927209199516,Low,Low
ITA,2000,31,57.4420675227611,Low,Low
ITA,2001,31,57.5611013079432,Low,Low
ITA,2002,31,57.7572254055947,Low,Low
ITA,2003,31,57.7202683564954,Low,Low
ITA,2004,31,57.6956258482773,Low,Low
ITA,2005,31,58.3514912571766,Low,Low
ITA,2006,31,58.7075802707614,Low,Low
ITA,2007,31,58.9061280255708,Low,Low
ITA,2008,31,58.3573209161587,Low,Low
ITA,2009,31,58.195057471362,Low,Low
ITA,2010,31,58.2587888553314,Low,Low
ITA,2011,31,58.0816571936121,Low,Low
ITA,2012,31,57.5431279330064,Low,Low
ITA,2013,31,57.5579191793051,Low,Low
ITA,2014,31,58.3724945940661,Low,Low
ITA,2015,31,58.5885926529014,Low,Low
ITA,2016,31,58.2777769546147,Low,Low
ITA,2017,31,58.0589585736213,Low,Low
ITA,2018,30,58.7575047389843,Low,Low
ITA,2019,30,58.8269123638734,Low,Low
ITA,2020,30,58.9615927633149,Low,Low
ITA,2021,30,59.357246740174,Low,Low
ITA,2022,30,59.5776599732333,Low,Low
ITA,2023,30,59.5776599732333,Low,Low
ITA,2024,30,59.5776599732333,Low,Low
ITA,2025,30,59.5776599732333,Low,Low
JAM,1995,42,45.9801180908884,Medium,Medium
JAM,1996,42,46.2308835646928,Medium,Medium
JAM,1997,42,46.104854380799,Medium,Medium
JAM,1998,42,46.1107891358646,Medium,Medium
JAM,1999,42,46.0444751450438,Medium,Medium
JAM,2000,42,45.2894371699905,Medium,Medium
JAM,2001,42,44.189677206525,Medium,High
JAM,2002,42,45.658412915082,Medium,Medium
JAM,2003,42,45.6661536389928,Medium,Medium
JAM,2004,42,45.8255848701437,Medium,Medium
JAM,2005,42,45.3870249557426,Medium,Medium
JAM,2006,42,44.8046872850968,Medium,High
JAM,2007,42,45.0589570480269,Medium,Medium
JAM,2008,42,45.2022995212358,Medium,Medium
JAM,2009,42,45.0229116871106,Medium,Medium
JAM,2010,42,44.7621102100192,Medium,High
JAM,2011,42,45.4903604329493,Medium,Medium
JAM,2012,42,45.6124292393947,Medium,Medium
JAM,2013,42,46.4118769768517,Medium,Medium
JAM,2014,42,46.9402006958263,Medium,Medium
JAM,2015,42,46.5313497272055,Medium,Medium
JAM,2016,42,47.5779900094438,Medium,Medium
JAM,2017,41,47.8783448212223,Medium,Medium
JAM,2018,40,48.3913748484246,Medium,Medium
JAM,2019,40,48.2234596837973,Medium,Medium
JAM,2020,40,48.7070866058329,Medium,Medium
JAM,2021,40,48.9827493767691,Medium,Medium
JAM,2022,40,49.5129643783828,Medium,Medium
JAM,2023,39,49.5129643783828,Medium,Medium
JAM,2024,39,49.5129643783828,Medium,Medium
JAM,2025,39,49.5129643783828,Medium,Medium
JOR,1995,37,47.0637136287203,Medium,Medium
JOR,1996,37,47.0665245854807,Medium,Medium
JOR,1997,37,47.4639418629027,Medium,Medium
JOR,1998,37,47.7272795949099,Medium,Medium
JOR,1999,37,47.8032382537783,Medium,Medium
JOR,2000,37,47.9550797477022,Medium,Medium
JOR,2001,37,47.6352661022486,Medium,Medium
JOR,2002,37,47.1022859930826,Medium,Medium
JOR,2003,37,48.3260163869321,Medium,Medium
JOR,2004,37,47.92695267384,Medium,Medium
JOR,2005,37,48.8806791344311,Medium,Medium
JOR,2006,37,48.8277679591402,Medium,Medium
JOR,2007,37,49.7252489789933,Medium,Medium
JOR,2008,37,50.27962883642,Medium,Low
JOR,2009,37,49.811305496458,Medium,Medium
JOR,2010,37,49.8691120288762,Medium,Medium
JOR,2011,37,50.0640137566066,Medium,Low
JOR,2012,37,50.2935656939573,Medium,Low
JOR,2013,37,50.3624983990272,Medium,Low
JOR,2014,37,50.9285287121493,Medium,Low
JOR,2015,37,51.2919132038315,Medium,Low
JOR,2016,37,50.7069213567785,Medium,Low
JOR,2017,39,50.7233102676039,Medium,Low
JOR,2018,38,50.6789335836696,Medium,Low
JOR,2019,38,51.7355076798318,Medium,Low
JOR,2020,38,52.0654508294568,Medium,Low
JOR,2021,39,51.8949485246806,Medium,Low
JOR,2022,38,52.2765710898191,Medium,Low
JOR,2023,38,52.2765710898191,Medium,Low
JOR,2024,38,52.2765710898191,Medium,Low
JOR,2025,38,52.2765710898191,Medium,Low
JPN,1995,33,60.8354495620191,Low,Very low
JPN,1996,33,60.9722805376815,Low,Very low
JPN,1997,33,61.0344532666571,Low,Very low
JPN,1998,33,61.0325889603283,Low,Very low
JPN,1999,33,61.3364890727962,Low,Very low
JPN,2000,33,61.6878033905301,Low,Very low
JPN,2001,33,61.5660079042065,Low,Very low
JPN,2002,33,61.3944121087269,Low,Very low
JPN,2003,33,62.1225863597711,Low,Very low
JPN,2004,33,62.5423716132893,Low,Very low
JPN,2005,33,63.8025991130504,Low,Very low
JPN,2006,33,67.6521584326287,Low,Very low
JPN,2007,33,67.5484484424303,Low,Very low
JPN,2008,33,67.597685428248,Low,Very low
JPN,2009,33,67.8505524873882,Low,Very low
JPN,2010,33,69.2108487151383,Low,Very low
JPN,2011,33,69.2159563090614,Low,Very low
JPN,2012,33,69.4171982821263,Low,Very low
JPN,2013,33,69.8044995623372,Low,Very low
JPN,2014,33,67.464616263049,Low,Very low
JPN,2015,33,67.0185400862842,Low,Very low
JPN,2016,33,66.2555321117502,Low,Very low
JPN,2017,33,66.6024619534597,Low,Very low
JPN,2018,33,66.4274005958466,Low,Very low
JPN,2019,33,66.3463867532623,Low,Very low
JPN,2020,33,66.2533795074628,Low,Very low
JPN,2021,32,66.3755829387338,Low,Very low
JPN,2022,33,66.5339671810725,Low,Very low
JPN,2023,32,66.5339671810725,Low,Very low
JPN,2024,32,66.5339671810725,Low,Very low
JPN,2025,32,66.5339671810725,Low,Very low
KAZ,1995,38,50.7630343006835,Medium,Low
KAZ,1996,38,50.7343171464257,Medium,Low
KAZ,1997,38,51.1985773891122,Medium,Low
KAZ,1998,38,51.7820070690337,Medium,Low
KAZ,1999,38,51.8344627142242,Medium,Low
KAZ,2000,38,52.2404534282803,Medium,Low
KAZ,2001,38,52.6499295515275,Medium,Low
KAZ,2002,38,53.0444043419058,Medium,Low
KAZ,2003,38,53.8353974694847,Medium,Low
KAZ,2004,38,53.9034293883316,Medium,Low
KAZ,2005,38,54.5329165486756,Medium,Low
KAZ,2006,38,53.3443269543917,Medium,Low
KAZ,2007,38,54.1100379793702,Medium,Low
KAZ,2008,38,54.3005411253395,Medium,Low
KAZ,2009,38,55.316442387737,Medium,Low
KAZ,2010,38,55.4785761461584,Medium,Low
KAZ,2011,38,55.4189565811597,Medium,Low
KAZ,2012,38,56.053852937121,Medium,Low
KAZ,2013,38,56.7309119127171,Medium,Low
KAZ,2014,38,57.8767575959121,Medium,Low
KAZ,2015,38,57.6323409054434,Medium,Low
KAZ,2016,38,58.8095863243782,Medium,Low
KAZ,2017,38,59.7289883841585,Medium,Low
KAZ,2018,37,59.4058899667514,Medium,Low
KAZ,2019,37,59.6755444828023,Medium,Low
KAZ,2020,37,59.6215421473589,Medium,Low
KAZ,2021,37,59.8006325816599,Medium,Low
KAZ,2022,37,59.8827359428286,Medium,Low
KAZ,2023,37,59.8827359428286,Medium,Low
KAZ,2024,37,59.8827359428286,Medium,Low
KAZ,2025,37,59.8827359428286,Medium,Low
KEN,1995,50,37.931087546312,High,Very high
KEN,1996,50,37.9447725103293,High,Very high
KEN,1997,50,37.8220832851048,High,Very high
KEN,1998,50,37.8617733456848,High,Very high
KEN,1999,50,37.8730816866891,High,Very high
KEN,2000,50,37.813859368426,High,Very high
KEN,2001,50,38.1008118577988,High,Very high
KEN,2002,50,38.3505343984198,High,Very high
KEN,2003,50,38.2791768448255,High,Very high
KEN,2004,50,38.5351379467318,High,Very high
KEN,2005,50,38.1669010159149,High,Very high
KEN,2006,50,36.97086878398,High,Very high
KEN,2007,50,36.7524406773117,High,Very high
KEN,2008,50,36.8323718430264,High,Very high
KEN,2009,50,36.8405077045736,High,Very high
KEN,2010,50,36.5384205469803,High,Very high
KEN,2011,50,36.4334379728154,High,Very high
KEN,2012,50,36.3047292262031,High,Very high
KEN,2013,50,36.8877586509556,High,Very high
KEN,2014,50,37.6007636670903,High,Very high
KEN,2015,50,37.6438933172244,High,Very high
KEN,2016,50,38.8618154307736,High,Very high
KEN,2017,49,39.1138533859287,Medium,Very high
KEN,2018,49,39.6552611595674,Medium,Very high
KEN,2019,49,39.9317187307447,Medium,Very high
KEN,2020,48,40.2490424123689,Medium,High
KEN,2021,48,40.5793566636049,Medium,High
KEN,2022,48,40.8137717526099,Medium,High
KEN,2023,47,40.8137717526099,Medium,High
KEN,2024,48,40.8137717526099,Medium,High
KEN,2025,48,40.8137717526099,Medium,High
KGZ,1995,43,48.8071830320966,Medium,Medium
KGZ,1996,43,48.7091800804399,Medium,Medium
KGZ,1997,43,49.1262534436062,Medium,Medium
KGZ,1998,43,48.8474974797915,Medium,Medium
KGZ,1999,43,49.1783182394902,Medium,Medium
KGZ,2000,43,49.6973718125275,Medium,Medium
KGZ,2001,43,50.0178986952751,Medium,Low
KGZ,2002,43,49.8573815321382,Medium,Medium
KGZ,2003,43,49.5867901487893,Medium,Medium
KGZ,2004,43,48.8106771950823,Medium,Medium
KGZ,2005,43,48.1136763746901,Medium,Medium
KGZ,2006,43,45.4167642559431,Medium,Medium
KGZ,2007,43,46.6519458332668,Medium,Medium
KGZ,2008,43,46.8817052075589,Medium,Medium
KGZ,2009,43,47.5415258375576,Medium,Medium
KGZ,2010,43,47.7701073521007,Medium,Medium
KGZ,2011,43,49.1398447902066,Medium,Medium
KGZ,2012,43,48.5831862211048,Medium,Medium
KGZ,2013,43,49.2251804640415,Medium,Medium
KGZ,2014,43,50.2678789242271,Medium,Low
KGZ,2015,43,49.5534796678692,Medium,Medium
KGZ,2016,43,51.8614957411056,Medium,Low
KGZ,2017,43,52.6310154887497,Medium,Low
KGZ,2018,42,53.0737515263133,Medium,Low
KGZ,2019,42,53.5442765501347,Medium,Low
KGZ,2020,41,53.1986843144786,Medium,Low
KGZ,2021,41,53.3604541170501,Medium,Low
KGZ,2022,42,53.514942852472,Medium,Low
KGZ,2023,42,53.514942852472,Medium,Low
KGZ,2024,42,53.514942852472,Medium,Low
KGZ,2025,42,53.514942852472,Medium,Low
KHM,1995,53,37.7417739523405,High,Very high
KHM,1996,53,37.7520495769325,High,Very high
KHM,1997,53,37.7211375733796,High,Very high
KHM,1998,53,37.7027533204824,High,Very high
KHM,1999,53,37.7740497220592,High,Very high
KHM,2000,53,38.1095212787114,High,Very high
KHM,2001,53,37.8712352299922,High,Very high
KHM,2002,53,38.1005733091458,High,Very high
KHM,2003,53,38.1853263621787,High,Very high
KHM,2004,53,38.0673554156083,High,Very high
KHM,2005,53,37.910418954668,High,Very high
KHM,2006,53,37.3867548527951,High,Very high
KHM,2007,53,36.9532696363555,High,Very high
KHM,2008,53,37.9999646240646,High,Very high
KHM,2009,53,37.90206467356,High,Very high
KHM,2010,53,37.9442435489221,High,Very high
KHM,2011,53,38.4769201610344,High,Very high
KHM,2012,53,38.8557155140957,High,Very high
KHM,2013,53,38.8081312835013,High,Very high
KHM,2014,53,39.15153419928,High,Very high
KHM,2015,53,39.171100477123,High,Very high
KHM,2016,53,39.7678147174049,High,Very high
KHM,2017,52,40.3149459124556,High,High
KHM,2018,53,40.2517975990168,High,High
KHM,2019,52,40.289261041875,High,High
KHM,2020,52,40.1766504112594,High,High
KHM,2021,51,40.0585963152114,High,High
KHM,2022,51,40.3295834898391,High,High
KHM,2023,50,40.3295834898391,High,High
KHM,2024,50,40.3295834898391,High,High
KHM,2025,50,40.3295834898391,High,High
KIR,1995,41,44.4459778409296,Medium,High
KIR,1996,41,44.3898098881681,Medium,High
KIR,1997,41,44.7017070088441,Medium,High
KIR,1998,41,44.4407539708821,Medium,High
KIR,1999,41,44.5811557108915,Medium,High
KIR,2000,41,44.6291325320187,Medium,High
KIR,2001,41,44.7741061289063,Medium,High
KIR,2002,41,44.9016000164538,Medium,High
KIR,2003,41,45.1003163321588,Medium,Medium
KIR,2004,41,45.0598163902866,Medium,Medium
KIR,2005,41,44.1253775121775,Medium,High
KIR,2006,41,43.4915718346789,Medium,High
KIR,2007,41,43.3159456822553,Medium,High
KIR,2008,41,42.030741628025,Medium,High
KIR,2009,41,40.7623207282054,Medium,High
KIR,2010,41,41.5840501509497,Medium,High
KIR,2011,41,41.9803794635317,Medium,High
KIR,2012,41,41.9366281255857,Medium,High
KIR,2013,41,41.5469180858745,Medium,High
KIR,2014,41,42.0713539867832,Medium,High
KIR,2015,41,42.9710797687386,Medium,High
KIR,2016,41,42.6717964568454,Medium,High
KIR,2017,40,42.9052294288652,Medium,High
KIR,2018,39,42.3171901103399,Medium,High
KIR,2019,39,45.2433123792108,Medium,Medium
KIR,2020,38,43.5978466683999,Medium,High
KIR,2021,38,43.8248539183273,Medium,High
KIR,2022,38,43.6206142155822,Medium,High
KIR,2023,38,43.6206142155822,Medium,High
KIR,2024,38,43.6206142155822,Medium,High
KIR,2025,38,43.6206142155822,Medium,High
KNA,1995,30,,Low,
KNA,1996,30,,Low,
KNA,1997,30,,Low,
KNA,1998,30,,Low,
KNA,1999,30,,Low,
KNA,2000,30,,Low,
KNA,2001,30,,Low,
KNA,2002,30,,Low,
KNA,2003,30,,Low,
KNA,2004,30,,Low,
KNA,2005,30,,Low,
KNA,2006,30,,Low,
KNA,2007,30,,Low,
KNA,2008,30,,Low,
KNA,2009,30,,Low,
KNA,2010,30,,Low,
KNA,2011,30,,Low,
KNA,2012,30,,Low,
KNA,2013,30,,Low,
KNA,2014,30,,Low,
KNA,2015,30,,Low,
KNA,2016,30,,Low,
KNA,2017,30,,Low,
KNA,2018,29,,Low,
KNA,2019,29,,Low,
KNA,2020,29,,Low,
KNA,2021,29,,Low,
KNA,2022,30,,Low,
KNA,2023,29,,Low,
KNA,2024,29,,Low,
KNA,2025,29,,Low,
KOR,1995,31,58.0025631922308,Low,Low
KOR,1996,31,58.2559515912929,Low,Low
KOR,1997,31,59.0015826626114,Low,Low
KOR,1998,31,59.0335312031102,Low,Low
KOR,1999,31,59.8058815761763,Low,Low
KOR,2000,31,60.5984445867618,Low,Very low
KOR,2001,31,61.3099295737048,Low,Very low
KOR,2002,31,61.7614155701882,Low,Very low
KOR,2003,31,61.9420425596067,Low,Very low
KOR,2004,31,62.3868606864091,Low,Very low
KOR,2005,31,63.101967710704,Low,Very low
KOR,2006,31,64.4169447838618,Low,Very low
KOR,2007,31,65.5007454390458,Low,Very low
KOR,2008,31,65.3446805905335,Low,Very low
KOR,2009,31,65.6549376837174,Low,Very low
KOR,2010,31,67.177991675079,Low,Very low
KOR,2011,31,67.4098982640044,Low,Very low
KOR,2012,31,67.4415588434775,Low,Very low
KOR,2013,31,68.0670339351459,Low,Very low
KOR,2014,31,68.8485775712912,Low,Very low
KOR,2015,31,68.5364773477523,Low,Very low
KOR,2016,31,67.773056622217,Low,Very low
KOR,2017,31,67.9927169240705,Low,Very low
KOR,2018,31,68.2546285100166,Low,Very low
KOR,2019,29,68.2488534330741,Low,Very low
KOR,2020,29,68.3681707571911,Low,Very low
KOR,2021,28,68.6037794858746,Low,Very low
KOR,2022,28,68.8375078545123,Low,Very low
KOR,2023,28,68.8375078545123,Low,Very low
KOR,2024,28,68.8375078545123,Low,Very low
KOR,2025,28,68.8375078545123,Low,Very low
KWT,1995,24,49.2026535736536,Low,Medium
KWT,1996,24,49.2360220375032,Low,Medium
KWT,1997,24,49.2367703091326,Low,Medium
KWT,1998,24,49.2638518848335,Low,Medium
KWT,1999,24,49.3489938940865,Low,Medium
KWT,2000,24,49.5768976236899,Low,Medium
KWT,2001,24,49.8033967359362,Low,Medium
KWT,2002,24,50.0745849423544,Low,Low
KWT,2003,24,50.3936532811768,Low,Low
KWT,2004,24,50.5733503397473,Low,Low
KWT,2005,24,50.1180321788756,Low,Low
KWT,2006,24,50.3368818254803,Low,Low
KWT,2007,24,50.9229943165152,Low,Low
KWT,2008,24,51.0123707194184,Low,Low
KWT,2009,24,51.2553326708943,Low,Low
KWT,2010,24,52.0080961950676,Low,Low
KWT,2011,24,51.7266695549171,Low,Low
KWT,2012,24,51.5332258376798,Low,Low
KWT,2013,24,52.0794464083629,Low,Low
KWT,2014,24,52.3883674070684,Low,Low
KWT,2015,24,51.7271769574856,Low,Low
KWT,2016,24,52.1235267907346,Low,Low
KWT,2017,25,51.8902469003861,Low,Low
KWT,2018,25,52.3743490112519,Low,Low
KWT,2019,25,52.8626109423099,Low,Low
KWT,2020,25,54.5886245082549,Low,Low
KWT,2021,25,54.876485638742,Low,Low
KWT,2022,24,55.197775760394,Low,Low
KWT,2023,24,55.197775760394,Low,Low
KWT,2024,24,55.197775760394,Low,Low
KWT,2025,24,55.197775760394,Low,Low
LAO,1995,48,37.7725475768741,Medium,Very high
LAO,1996,48,37.928138754797,Medium,Very high
LAO,1997,48,37.8140685702003,Medium,Very high
LAO,1998,48,37.6898687189057,Medium,Very high
LAO,1999,48,37.5658176360611,Medium,Very high
LAO,2000,48,37.4259005868855,Medium,Very high
LAO,2001,48,37.3552991099665,Medium,Very high
LAO,2002,48,38.0172294430825,Medium,Very high
LAO,2003,48,37.0305461829964,Medium,Very high
LAO,2004,48,37.2464195950232,Medium,Very high
LAO,2005,48,37.2560312127814,Medium,Very high
LAO,2006,48,36.84524293599,Medium,Very high
LAO,2007,48,37.4415556071559,Medium,Very high
LAO,2008,48,38.3305112396321,Medium,Very high
LAO,2009,48,38.3535426509719,Medium,Very high
LAO,2010,48,38.2277308145173,Medium,Very high
LAO,2011,48,38.4436664416637,Medium,Very high
LAO,2012,48,39.3935278640207,Medium,Very high
LAO,2013,48,40.0517477586311,Medium,High
LAO,2014,48,40.5393481009434,Medium,High
LAO,2015,48,40.3863853056306,Medium,High
LAO,2016,48,40.9912177166093,Medium,High
LAO,2017,47,41.6308766383691,Medium,High
LAO,2018,47,42.4703656642412,Medium,High
LAO,2019,47,42.1412536849812,Medium,High
LAO,2020,47,42.4881989769787,Medium,High
LAO,2021,47,42.2762572112455,Medium,High
LAO,2022,47,42.2543344032624,Medium,High
LAO,2023,46,42.2543344032624,Medium,High
LAO,2024,46,42.2543344032624,Medium,High
LAO,2025,45,42.2543344032624,Medium,High
LBN,1995,39,42.7787406099202,Medium,High
LBN,1996,39,42.8242694136089,Medium,High
LBN,1997,39,43.005405030705,Medium,High
LBN,1998,39,43.0467247523168,Medium,High
LBN,1999,39,43.6448914878103,Medium,High
LBN,2000,39,44.0042074895574,Medium,High
LBN,2001,39,44.2432643405778,Medium,High
LBN,2002,39,44.3229908370169,Medium,High
LBN,2003,39,44.2732649697587,Medium,High
LBN,2004,39,44.4384854730847,Medium,High
LBN,2005,39,44.0111508546856,Medium,High
LBN,2006,39,42.3559216794521,Medium,High
LBN,2007,39,42.4944961777646,Medium,High
LBN,2008,39,43.1607576925573,Medium,High
LBN,2009,39,44.4658698227876,Medium,High
LBN,2010,39,45.4011475741447,Medium,Medium
LBN,2011,39,45.7508780085998,Medium,Medium
LBN,2012,39,45.9207115149522,Medium,Medium
LBN,2013,39,46.253341694932,Medium,Medium
LBN,2014,39,46.1403087382812,Medium,Medium
LBN,2015,39,45.6690730622676,Medium,Medium
LBN,2016,39,45.4587399306636,Medium,Medium
LBN,2017,38,44.7291910744529,Medium,High
LBN,2018,38,45.2124446934182,Medium,Medium
LBN,2019,38,45.4114076431635,Medium,Medium
LBN,2020,38,44.6298849971379,Medium,High
LBN,2021,39,44.6313093229133,Medium,High
LBN,2022,40,44.7067280111838,Medium,High
LBN,2023,40,44.7067280111838,Medium,High
LBN,2024,40,44.7067280111838,Medium,High
LBN,2025,40,44.7067280111838,Medium,High
LBR,1995,53,36.0110390642825,High,Very high
LBR,1996,53,36.0299728135101,High,Very high
LBR,1997,53,36.3347485669927,High,Very high
LBR,1998,53,36.6380110278789,High,Very high
LBR,1999,53,36.7487335230415,High,Very high
LBR,2000,53,37.2463858734891,High,Very high
LBR,2001,53,36.7479926367145,High,Very high
LBR,2002,53,36.6737685690871,High,Very high
LBR,2003,53,36.2174281551581,High,Very high
LBR,2004,53,36.6412764841621,High,Very high
LBR,2005,53,37.784853255073,High,Very high
LBR,2006,53,42.1231786827695,High,High
LBR,2007,53,33.5680425812088,High,Very high
LBR,2008,53,32.7741844412877,High,Very high
LBR,2009,53,33.9155278504012,High,Very high
LBR,2010,53,34.1945179432231,High,Very high
LBR,2011,53,34.2063827775226,High,Very high
LBR,2012,53,34.8491680040343,High,Very high
LBR,2013,53,35.3675062624854,High,Very high
LBR,2014,53,35.8916813652528,High,Very high
LBR,2015,53,35.7086423198242,High,Very high
LBR,2016,53,35.9327948401846,High,Very high
LBR,2017,51,36.168999183486,High,Very high
LBR,2018,52,36.0449164708028,High,Very high
LBR,2019,51,35.8514910093123,High,Very high
LBR,2020,52,36.6515108079183,High,Very high
LBR,2021,52,36.7847971172375,High,Very high
LBR,2022,52,36.9018259187558,High,Very high
LBR,2023,52,36.9018259187558,High,Very high
LBR,2024,52,36.9018259187558,High,Very high
LBR,2025,52,36.9018259187558,High,Very high
LBY,1995,40,44.509008617871,Medium,High
LBY,1996,40,44.5448407150319,Medium,High
LBY,1997,40,44.5545137891703,Medium,High
LBY,1998,40,44.5771505353679,Medium,High
LBY,1999,40,44.9055402958042,Medium,High
LBY,2000,40,45.0809544411961,Medium,Medium
LBY,2001,40,45.2091732971486,Medium,Medium
LBY,2002,40,45.3930510790159,Medium,Medium
LBY,2003,40,45.9276353955782,Medium,Medium
LBY,2004,40,46.2894568324261,Medium,Medium
LBY,2005,40,47.3007719874281,Medium,Medium
LBY,2006,40,50.6332411392271,Medium,Low
LBY,2007,40,51.4301725087079,Medium,Low
LBY,2008,40,51.8208077801594,Medium,Low
LBY,2009,40,51.6542678247815,Medium,Low
LBY,2010,40,52.0281030133085,Medium,Low
LBY,2011,40,50.6418778772654,Medium,Low
LBY,2012,40,50.066603955862,Medium,Low
LBY,2013,40,43.8823880344177,Medium,High
LBY,2014,40,43.5450170463811,Medium,High
LBY,2015,40,43.0792740069826,Medium,High
LBY,2016,40,42.9493229273798,Medium,High
LBY,2017,41,42.9678681818824,Medium,High
LBY,2018,40,42.9114093943797,Medium,High
LBY,2019,41,42.7808481451288,Medium,High
LBY,2020,41,42.6961741568692,Medium,High
LBY,2021,42,43.073057218561,Medium,High
LBY,2022,41,43.0304743071163,Medium,High
LBY,2023,41,43.0304743071163,Medium,High
LBY,2024,41,43.0304743071163,Medium,High
LBY,2025,41,43.0304743071163,Medium,High
LCA,1995,34,52.9959812638396,Low,Low
LCA,1996,34,53.10978602402,Low,Low
LCA,1997,34,52.9093462000641,Low,Low
LCA,1998,34,53.1608413456665,Low,Low
LCA,1999,34,53.5032749945638,Low,Low
LCA,2000,34,53.959224848931,Low,Low
LCA,2001,34,53.6124228746366,Low,Low
LCA,2002,34,53.2271254185163,Low,Low
LCA,2003,34,54.4231713850273,Low,Low
LCA,2004,34,54.1796858916528,Low,Low
LCA,2005,34,56.8667473037742,Low,Low
LCA,2006,34,54.5636423748413,Low,Low
LCA,2007,34,54.0576607424645,Low,Low
LCA,2008,34,54.3503391596627,Low,Low
LCA,2009,34,54.5920516867251,Low,Low
LCA,2010,34,54.945355819134,Low,Low
LCA,2011,34,55.0683933477034,Low,Low
LCA,2012,34,54.9328929669036,Low,Low
LCA,2013,34,55.4641715848919,Low,Low
LCA,2014,34,55.2847589277782,Low,Low
LCA,2015,34,55.4846174995463,Low,Low
LCA,2016,34,55.4425337320341,Low,Low
LCA,2017,35,55.1446409725379,Medium,Low
LCA,2018,36,54.9893947106321,Medium,Low
LCA,2019,36,54.5854921954553,Medium,Low
LCA,2020,36,53.5899077291148,Medium,Low
LCA,2021,36,53.5840824144196,Medium,Low
LCA,2022,36,53.774801842574,Medium,Low
LCA,2023,37,53.774801842574,Medium,Low
LCA,2024,37,53.774801842574,Medium,Low
LCA,2025,36,53.774801842574,Medium,Low
LIE,1995,15,,Very low,
LIE,1996,15,,Very low,
LIE,1997,15,,Very low,
LIE,1998,15,,Very low,
LIE,1999,15,,Very low,
LIE,2000,15,,Very low,
LIE,2001,15,,Very low,
LIE,2002,15,,Very low,
LIE,2003,15,,Very low,
LIE,2004,15,,Very low,
LIE,2005,15,,Very low,
LIE,2006,15,,Very low,
LIE,2007,15,,Very low,
LIE,2008,15,,Very low,
LIE,2009,15,,Very low,
LIE,2010,15,,Very low,
LIE,2011,15,,Very low,
LIE,2012,15,,Very low,
LIE,2013,15,,Very low,
LIE,2014,15,,Very low,
LIE,2015,15,,Very low,
LIE,2016,15,,Very low,
LIE,2017,15,,Very low,
LIE,2018,14,,Very low,
LIE,2019,14,,Very low,
LIE,2020,15,,Very low,
LIE,2021,14,,Very low,
LIE,2022,15,,Very low,
LIE,2023,15,,Very low,
LIE,2024,15,,Very low,
LIE,2025,15,,Very low,
LKA,1995,40,43.6263344057241,Medium,High
LKA,1996,40,43.589703847497,Medium,High
LKA,1997,40,43.7458404584281,Medium,High
LKA,1998,40,43.8726085966307,Medium,High
LKA,1999,40,43.8520366491454,Medium,High
LKA,2000,40,43.6460160530901,Medium,High
LKA,2001,40,44.0509335483206,Medium,High
LKA,2002,40,44.8503601844462,Medium,High
LKA,2003,40,44.4064203585795,Medium,High
LKA,2004,40,44.3755682722633,Medium,High
LKA,2005,40,43.3169463464951,Medium,High
LKA,2006,40,43.0384393194852,Medium,High
LKA,2007,40,42.9316317979773,Medium,High
LKA,2008,40,42.9871054194265,Medium,High
LKA,2009,40,42.7713442441803,Medium,High
LKA,2010,40,42.1408460404979,Medium,High
LKA,2011,40,42.2643850794196,Medium,High
LKA,2012,40,42.3381522641652,Medium,High
LKA,2013,40,43.0769732417748,Medium,High
LKA,2014,40,44.1327883015348,Medium,High
LKA,2015,40,44.972214481204,Medium,High
LKA,2016,40,44.9840363126988,Medium,High
LKA,2017,39,44.8986003706896,Medium,High
LKA,2018,39,45.5067054674026,Medium,Medium
LKA,2019,38,46.5587719394523,Medium,Medium
LKA,2020,38,46.9472922647529,Medium,Medium
LKA,2021,38,46.2516181683348,Medium,Medium
LKA,2022,38,45.6356188070449,Medium,Medium
LKA,2023,39,45.6356188070449,Medium,Medium
LKA,2024,39,45.6356188070449,Medium,Medium
LKA,2025,38,45.6356188070449,Medium,Medium
LSO,1995,38,40.8043318140441,Medium,High
LSO,1996,38,40.7380912311187,Medium,High
LSO,1997,38,40.576513241768,Medium,High
LSO,1998,38,40.4310234672827,Medium,High
LSO,1999,38,40.5444516139196,Medium,High
LSO,2000,38,40.6475618591726,Medium,High
LSO,2001,38,40.1564969605021,Medium,High
LSO,2002,38,40.1475222990685,Medium,High
LSO,2003,38,40.3714674182775,Medium,High
LSO,2004,38,40.5218037871939,Medium,High
LSO,2005,38,39.597737945936,Medium,Very high
LSO,2006,38,38.7446479169327,Medium,Very high
LSO,2007,38,38.6762926149019,Medium,Very high
LSO,2008,38,38.6838189338455,Medium,Very high
LSO,2009,38,38.9527071371194,Medium,Very high
LSO,2010,38,39.3773488499452,Medium,Very high
LSO,2011,38,39.1866418442087,Medium,Very high
LSO,2012,38,39.3079960504974,Medium,Very high
LSO,2013,38,40.6071369860097,Medium,High
LSO,2014,38,41.1958396030259,Medium,High
LSO,2015,38,41.2158535772872,Medium,High
LSO,2016,38,41.7670225963,Medium,High
LSO,2017,37,41.6928719003405,Medium,High
LSO,2018,37,41.4797704374789,Medium,High
LSO,2019,38,41.1400474710005,Medium,High
LSO,2020,37,41.3419484655597,Medium,High
LSO,2021,37,41.248618703602,Medium,High
LSO,2022,38,41.301288879025,Medium,High
LSO,2023,38,41.301288879025,Medium,High
LSO,2024,38,41.301288879025,Medium,High
LSO,2025,38,41.301288879025,Medium,High
LTU,1995,20,52.5004286706061,Low,Low
LTU,1996,20,52.763170895345,Low,Low
LTU,1997,20,52.9504616788562,Low,Low
LTU,1998,20,53.2191667826496,Low,Low
LTU,1999,20,52.8763097140527,Low,Low
LTU,2000,20,52.8400672974733,Low,Low
LTU,2001,20,53.6407815759079,Low,Low
LTU,2002,20,54.5265920551509,Low,Low
LTU,2003,20,54.8701330470501,Low,Low
LTU,2004,20,55.0729132602266,Low,Low
LTU,2005,20,56.0984923773345,Low,Low
LTU,2006,20,58.1020296977861,Low,Low
LTU,2007,20,58.6099967997608,Low,Low
LTU,2008,20,59.0726077613197,Low,Low
LTU,2009,20,59.2740886574198,Low,Low
LTU,2010,20,59.1940862318148,Low,Low
LTU,2011,20,59.0779891940005,Low,Low
LTU,2012,20,59.6903034274156,Low,Low
LTU,2013,20,60.18855719263,Low,Very low
LTU,2014,20,61.530662057996,Low,Very low
LTU,2015,20,61.1933659585326,Low,Very low
LTU,2016,20,60.725833133368,Low,Very low
LTU,2017,20,60.4442449444163,Low,Very low
LTU,2018,20,60.6028058644659,Low,Very low
LTU,2019,20,60.9088007895085,Low,Very low
LTU,2020,20,61.1503482218843,Low,Very low
LTU,2021,19,61.6774220047315,Very low,Very low
LTU,2022,19,61.6631560029608,Very low,Very low
LTU,2023,19,61.6631560029608,Very low,Very low
LTU,2024,19,61.6631560029608,Very low,Very low
LTU,2025,19,61.6631560029608,Very low,Very low
LUX,1995,11,60.4589778629942,Very low,Very low
LUX,1996,11,61.6625817049708,Very low,Very low
LUX,1997,11,61.3453496081539,Very low,Very low
LUX,1998,11,61.1278805828776,Very low,Very low
LUX,1999,11,60.3879083271196,Very low,Very low
LUX,2000,11,64.4856911634085,Very low,Very low
LUX,2001,11,62.6655647556877,Very low,Very low
LUX,2002,11,62.2136727181708,Very low,Very low
LUX,2003,11,60.44695367318,Very low,Very low
LUX,2004,11,61.3246350812648,Very low,Very low
LUX,2005,11,62.31329818553,Very low,Very low
LUX,2006,11,66.2015300055562,Very low,Very low
LUX,2007,11,63.0250436497454,Very low,Very low
LUX,2008,11,65.0071120484418,Very low,Very low
LUX,2009,11,65.6380374612697,Very low,Very low
LUX,2010,11,67.0522865468061,Very low,Very low
LUX,2011,11,67.4181032868284,Very low,Very low
LUX,2012,11,68.3539864663571,Very low,Very low
LUX,2013,11,68.6984287665304,Very low,Very low
LUX,2014,11,69.3616599213935,Very low,Very low
LUX,2015,11,69.7941616278947,Very low,Very low
LUX,2016,11,69.2866698156972,Very low,Very low
LUX,2017,11,68.8504135903405,Very low,Very low
LUX,2018,11,68.7616536058484,Very low,Very low
LUX,2019,11,67.960783534509,Very low,Very low
LUX,2020,11,68.2125597293405,Very low,Very low
LUX,2021,10,67.3817602916438,Very low,Very low
LUX,2022,11,67.3450884406281,Very low,Very low
LUX,2023,11,67.3450884406281,Very low,Very low
LUX,2024,11,67.3450884406281,Very low,Very low
LUX,2025,11,67.3450884406281,Very low,Very low
LVA,1995,23,53.4344222588828,Low,Low
LVA,1996,23,53.2970521339838,Low,Low
LVA,1997,23,53.4616513924552,Low,Low
LVA,1998,23,54.0126774303952,Low,Low
LVA,1999,23,53.4825993567195,Low,Low
LVA,2000,23,53.6661025321336,Low,Low
LVA,2001,23,54.4701743960828,Low,Low
LVA,2002,23,55.4908769673711,Low,Low
LVA,2003,23,55.7473829823312,Low,Low
LVA,2004,23,55.7137264010027,Low,Low
LVA,2005,23,56.1213233873036,Low,Low
LVA,2006,23,56.907439101907,Low,Low
LVA,2007,23,57.8613007031008,Low,Low
LVA,2008,23,58.5179723983557,Low,Low
LVA,2009,23,58.6577063577013,Low,Low
LVA,2010,23,58.1948771830615,Low,Low
LVA,2011,23,57.9574508350621,Low,Low
LVA,2012,23,59.3190675479575,Low,Low
LVA,2013,23,60.1268874556512,Low,Very low
LVA,2014,23,60.6712753819822,Low,Very low
LVA,2015,23,60.7042531715898,Low,Very low
LVA,2016,23,60.2281842015691,Low,Very low
LVA,2017,22,60.5161475458377,Low,Very low
LVA,2018,23,60.126809169756,Low,Very low
LVA,2019,22,60.3052483015427,Low,Very low
LVA,2020,22,60.5039011617389,Low,Very low
LVA,2021,22,61.0481768620659,Low,Very low
LVA,2022,21,60.8317238350657,Low,Very low
LVA,2023,22,60.8317238350657,Low,Very low
LVA,2024,22,60.8317238350657,Low,Very low
LVA,2025,22,60.8317238350657,Low,Very low
MAR,1995,44,45.9902879327191,Medium,Medium
MAR,1996,44,46.2043731741001,Medium,Medium
MAR,1997,44,46.5476720076705,Medium,Medium
MAR,1998,44,46.8030448220428,Medium,Medium
MAR,1999,44,46.5603592828555,Medium,Medium
MAR,2000,44,46.2083008213712,Medium,Medium
MAR,2001,44,46.0320011070969,Medium,Medium
MAR,2002,44,45.9983638679473,Medium,Medium
MAR,2003,44,45.6910810700685,Medium,Medium
MAR,2004,44,46.3702356766156,Medium,Medium
MAR,2005,44,46.0793426353675,Medium,Medium
MAR,2006,44,47.1573411057397,Medium,Medium
MAR,2007,44,47.1192856550386,Medium,Medium
MAR,2008,44,47.6234372553002,Medium,Medium
MAR,2009,44,48.3091565753739,Medium,Medium
MAR,2010,44,48.7777931976706,Medium,Medium
MAR,2011,44,48.409863758893,Medium,Medium
MAR,2012,44,48.9406950133386,Medium,Medium
MAR,2013,44,49.4163884578707,Medium,Medium
MAR,2014,44,50.9339576969661,Medium,Low
MAR,2015,44,51.2360267206209,Medium,Low
MAR,2016,44,51.1533685703215,Medium,Low
MAR,2017,44,51.3092846792702,Medium,Low
MAR,2018,44,52.2000125231452,Medium,Low
MAR,2019,44,52.7381151617468,Medium,Low
MAR,2020,42,53.1580870140631,Medium,Low
MAR,2021,42,53.1332050711012,Medium,Low
MAR,2022,42,53.375441508663,Medium,Low
MAR,2023,42,53.375441508663,Medium,Low
MAR,2024,42,53.375441508663,Medium,Low
MAR,2025,42,53.375441508663,Medium,Low
MCO,1995,,,,
MCO,1996,,,,
MCO,1997,,,,
MCO,1998,,,,
MCO,1999,,,,
MCO,2000,,,,
MCO,2001,,,,
MCO,2002,,,,
MCO,2003,,,,
MCO,2004,,,,
MCO,2005,,,,
MCO,2006,,,,
MCO,2007,,,,
MCO,2008,,,,
MCO,2009,,,,
MCO,2010,,,,
MCO,2011,,,,
MCO,2012,,,,
MCO,2013,,,,
MCO,2014,,,,
MCO,2015,,,,
MCO,2016,,,,
MCO,2017,,,,
MCO,2018,,,,
MCO,2019,,,,
MCO,2020,,,,
MCO,2021,,,,
MCO,2022,,,,
MDA,1995,40,48.4076666172269,Medium,Medium
MDA,1996,40,48.2729472772323,Medium,Medium
MDA,1997,40,48.6044480454922,Medium,Medium
MDA,1998,40,48.6920020706791,Medium,Medium
MDA,1999,40,48.0991381315888,Medium,Medium
MDA,2000,40,47.081939049423,Medium,Medium
MDA,2001,40,48.957572189507,Medium,Medium
MDA,2002,40,47.6407507911868,Medium,Medium
MDA,2003,40,48.6342559194188,Medium,Medium
MDA,2004,40,49.0456880301068,Medium,Medium
MDA,2005,40,50.2443886257411,Medium,Low
MDA,2006,40,48.5950560699277,Medium,Medium
MDA,2007,40,49.510658987645,Medium,Medium
MDA,2008,40,49.3762347492843,Medium,Medium
MDA,2009,40,47.7970091554179,Medium,Medium
MDA,2010,40,48.6752761735675,Medium,Medium
MDA,2011,40,49.4128900430721,Medium,Medium
MDA,2012,40,49.5985994982653,Medium,Medium
MDA,2013,40,49.6410255965559,Medium,Medium
MDA,2014,40,50.2287582961493,Medium,Low
MDA,2015,40,49.9287004103304,Medium,Medium
MDA,2016,40,50.9134088551818,Medium,Low
MDA,2017,39,51.3179674985447,Medium,Low
MDA,2018,39,51.6213626737882,Medium,Low
MDA,2019,39,51.6886660825151,Medium,Low
MDA,2020,39,51.7464672119239,Medium,Low
MDA,2021,39,52.1642105260719,Medium,Low
MDA,2022,38,52.1651073947452,Medium,Low
MDA,2023,37,52.1651073947452,Medium,Low
MDA,2024,37,52.1651073947452,Medium,Low
MDA,2025,37,52.1651073947452,Medium,Low
MDG,1995,60,37.1763635490286,High,Very high
MDG,1996,60,37.2720602309667,High,Very high
MDG,1997,60,37.1295221337158,High,Very high
MDG,1998,60,37.0506337971177,High,Very high
MDG,1999,60,37.2782365068753,High,Very high
MDG,2000,60,37.3935183831869,High,Very high
MDG,2001,60,37.0425014917509,High,Very high
MDG,2002,60,36.7875941461279,High,Very high
MDG,2003,60,37.8232126326395,High,Very high
MDG,2004,60,36.9895745810113,High,Very high
MDG,2005,60,36.7144090946155,High,Very high
MDG,2006,60,35.6160910729687,High,Very high
MDG,2007,60,36.4428940765761,High,Very high
MDG,2008,60,36.4757014470206,High,Very high
MDG,2009,60,35.6099107154415,High,Very high
MDG,2010,60,34.7094452360656,High,Very high
MDG,2011,60,34.2472915255648,High,Very high
MDG,2012,60,34.9331914320799,High,Very high
MDG,2013,60,34.6219621759319,High,Very high
MDG,2014,60,34.9622710714601,High,Very high
MDG,2015,60,34.8178664931262,High,Very high
MDG,2016,60,35.0022235875262,High,Very high
MDG,2017,60,35.0752831862358,High,Very high
MDG,2018,60,35.3357855156454,High,Very high
MDG,2019,59,35.1496290710773,High,Very high
MDG,2020,59,35.142644141882,High,Very high
MDG,2021,59,35.1616304492326,High,Very high
MDG,2022,60,35.1935230970426,High,Very high
MDG,2023,60,35.1935230970426,High,Very high
MDG,2024,60,35.1935230970426,High,Very high
MDG,2025,60,35.1935230970426,High,Very high
MDV,1995,37,37.8418006448038,Medium,Very high
MDV,1996,37,37.7448759994931,Medium,Very high
MDV,1997,37,38.1408437173556,Medium,Very high
MDV,1998,37,38.3455850656215,Medium,Very high
MDV,1999,37,39.1579515236757,Medium,Very high
MDV,2000,37,39.8294392385164,Medium,Very high
MDV,2001,37,40.3747326183053,Medium,High
MDV,2002,37,40.4752756458302,Medium,High
MDV,2003,37,41.1729808332754,Medium,High
MDV,2004,37,40.4518250449989,Medium,High
MDV,2005,37,42.1867733609805,Medium,High
MDV,2006,37,43.7946354240415,Medium,High
MDV,2007,37,43.3503493883591,Medium,High
MDV,2008,37,42.8483680229749,Medium,High
MDV,2009,37,43.0111579830138,Medium,High
MDV,2010,37,42.573906275039,Medium,High
MDV,2011,37,42.348067919048,Medium,High
MDV,2012,37,42.560693841055,Medium,High
MDV,2013,37,42.0230578797215,Medium,High
MDV,2014,37,43.1651256418213,Medium,High
MDV,2015,37,43.1662436197397,Medium,High
MDV,2016,37,43.6413793283064,Medium,High
MDV,2017,34,43.6795154516528,Low,High
MDV,2018,34,44.136508960876,Low,High
MDV,2019,35,44.4175402054045,Medium,High
MDV,2020,34,44.4809633258077,Low,High
MDV,2021,34,44.0424387793757,Low,High
MDV,2022,33,44.3446605713328,Low,High
MDV,2023,33,44.3446605713328,Low,High
MDV,2024,33,44.3446605713328,Low,High
MDV,2025,33,44.3446605713328,Low,High
MEX,1995,51,48.3369154993596,High,Medium
MEX,1996,51,48.3342718268998,High,Medium
MEX,1997,51,48.6751326716885,High,Medium
MEX,1998,51,49.104928451632,High,Medium
MEX,1999,51,49.4685935759994,High,Medium
MEX,2000,51,49.9494114164012,High,Medium
MEX,2001,51,50.143186220517,High,Low
MEX,2002,51,50.3656313022433,High,Low
MEX,2003,51,50.3368634469396,High,Low
MEX,2004,51,50.3525016021622,High,Low
MEX,2005,51,51.0209955317874,High,Low
MEX,2006,51,54.909886408854,High,Low
MEX,2007,51,55.0661368796249,High,Low
MEX,2008,51,55.1253186470378,High,Low
MEX,2009,51,55.4247471910781,High,Low
MEX,2010,51,56.7260223002028,High,Low
MEX,2011,51,56.942477734727,High,Low
MEX,2012,51,57.4056839729736,High,Low
MEX,2013,51,57.5158838927933,High,Low
MEX,2014,51,50.5241419341054,High,Low
MEX,2015,51,50.4403336840267,High,Low
MEX,2016,51,50.2869038958008,High,Low
MEX,2017,51,50.2450423081925,High,Low
MEX,2018,51,50.2427885595884,High,Low
MEX,2019,51,49.9541799531517,High,Medium
MEX,2020,52,50.026097251039,High,Low
MEX,2021,51,49.7229352135743,High,Medium
MEX,2022,51,49.6296296045913,High,Medium
MEX,2023,51,49.6296296045913,High,Medium
MEX,2024,51,49.6296296045913,High,Medium
MEX,2025,51,49.6296296045913,High,Medium
MHL,1995,36,37.774803611483,Medium,Very high
MHL,1996,36,37.8333299667381,Medium,Very high
MHL,1997,36,37.911139096589,Medium,Very high
MHL,1998,36,37.9876086795004,Medium,Very high
MHL,1999,36,38.4611094635356,Medium,Very high
MHL,2000,36,38.9586351181223,Medium,Very high
MHL,2001,36,39.0882235408755,Medium,Very high
MHL,2002,36,39.220146216905,Medium,Very high
MHL,2003,36,39.3913260407388,Medium,Very high
MHL,2004,36,39.5508037224802,Medium,Very high
MHL,2005,36,39.5458327079679,Medium,Very high
MHL,2006,36,40.2126759259359,Medium,High
MHL,2007,36,40.3240393120111,Medium,High
MHL,2008,36,40.3831958119357,Medium,High
MHL,2009,36,40.4134872749739,Medium,High
MHL,2010,36,40.1671701942281,Medium,High
MHL,2011,36,40.8447373197091,Medium,High
MHL,2012,36,40.8005154855112,Medium,High
MHL,2013,36,41.2335908830358,Medium,High
MHL,2014,36,41.4648872293369,Medium,High
MHL,2015,36,42.2347840527458,Medium,High
MHL,2016,36,42.2084178987752,Medium,High
MHL,2017,38,42.8118376527702,Medium,High
MHL,2018,38,42.574322738696,Medium,High
MHL,2019,38,40.6365190133749,Medium,High
MHL,2020,38,40.8231953459843,Medium,High
MHL,2021,38,41.1493290251498,Medium,High
MHL,2022,38,41.5706166126377,Medium,High
MHL,2023,37,41.5706166126377,Medium,High
MHL,2024,39,41.5706166126377,Medium,High
MHL,2025,39,41.5706166126377,Medium,High
MKD,1995,34,49.1118341748383,Low,Medium
MKD,1996,34,48.6397032340431,Low,Medium
MKD,1997,34,48.7195954976765,Low,Medium
MKD,1998,34,48.9302670189646,Low,Medium
MKD,1999,34,48.6469356179045,Low,Medium
MKD,2000,34,48.3153756648037,Low,Medium
MKD,2001,34,48.1499015039034,Low,Medium
MKD,2002,34,47.6587257730028,Low,Medium
MKD,2003,34,48.4619677343712,Low,Medium
MKD,2004,34,49.0969687725147,Low,Medium
MKD,2005,34,48.3869085250464,Low,Medium
MKD,2006,34,48.601957893243,Low,Medium
MKD,2007,34,50.2012039752389,Low,Low
MKD,2008,34,50.2891622073138,Low,Low
MKD,2009,34,50.9596621439499,Low,Low
MKD,2010,34,51.3669308693556,Low,Low
MKD,2011,34,51.6070211439551,Low,Low
MKD,2012,34,52.6689813998022,Low,Low
MKD,2013,34,53.2741652465254,Low,Low
MKD,2014,34,54.9925616445382,Low,Low
MKD,2015,34,54.7226139480324,Low,Low
MKD,2016,34,54.3723548881606,Low,Low
MKD,2017,34,54.3707684806111,Low,Low
MKD,2018,34,54.0336148668947,Low,Low
MKD,2019,33,54.218289156246,Low,Low
MKD,2020,34,54.3180277037953,Low,Low
MKD,2021,34,54.2305771539075,Low,Low
MKD,2022,34,54.5264010002424,Low,Low
MKD,2023,34,54.5264010002424,Low,Low
MKD,2024,34,54.5264010002424,Low,Low
MKD,2025,34,54.5264010002424,Low,Low
MLI,1995,53,34.3323612674423,High,Very high
MLI,1996,53,34.3066329747472,High,Very high
MLI,1997,53,34.5581141648549,High,Very high
MLI,1998,53,34.661360103775,High,Very high
MLI,1999,53,34.8575150882799,High,Very high
MLI,2000,53,35.0962236278615,High,Very high
MLI,2001,53,35.3922284641258,High,Very high
MLI,2002,53,35.1230470893091,High,Very high
MLI,2003,53,35.7804056240047,High,Very high
MLI,2004,53,36.0187674594577,High,Very high
MLI,2005,53,35.7477449190675,High,Very high
MLI,2006,53,33.9005102019503,High,Very high
MLI,2007,53,34.6553640303328,High,Very high
MLI,2008,53,34.9105603522531,High,Very high
MLI,2009,53,34.6556163747332,High,Very high
MLI,2010,53,34.977000158366,High,Very high
MLI,2011,53,34.769520331373,High,Very high
MLI,2012,53,33.4728275149341,High,Very high
MLI,2013,53,33.6469098074876,High,Very high
MLI,2014,53,33.9879911037712,High,Very high
MLI,2015,53,33.9943997503748,High,Very high
MLI,2016,53,35.0318079744045,High,Very high
MLI,2017,53,35.0660330496795,High,Very high
MLI,2018,52,35.1143633488385,High,Very high
MLI,2019,52,35.3620620108591,High,Very high
MLI,2020,53,36.0080784505006,High,Very high
MLI,2021,52,34.4896536517455,High,Very high
MLI,2022,53,34.242134800253,High,Very high
MLI,2023,52,34.242134800253,High,Very high
MLI,2024,53,34.242134800253,High,Very high
MLI,2025,53,34.242134800253,High,Very high
MLT,1995,20,55.3074160788132,Low,Low
MLT,1996,20,54.8246630514564,Low,Low
MLT,1997,20,56.2715941725263,Low,Low
MLT,1998,20,55.8589361763913,Low,Low
MLT,1999,20,56.0782615242969,Low,Low
MLT,2000,20,57.5787251797432,Low,Low
MLT,2001,20,57.9296708058441,Low,Low
MLT,2002,20,57.9581819191624,Low,Low
MLT,2003,20,58.2428962823748,Low,Low
MLT,2004,20,57.7178592189596,Low,Low
MLT,2005,20,59.1046048811937,Low,Low
MLT,2006,20,62.6953149842421,Low,Very low
MLT,2007,20,63.0758659421887,Low,Very low
MLT,2008,20,63.4231256473033,Low,Very low
MLT,2009,20,63.1400083259228,Low,Very low
MLT,2010,20,64.6373736341317,Low,Very low
MLT,2011,20,64.2780502412275,Low,Very low
MLT,2012,20,59.2989066570609,Low,Low
MLT,2013,20,59.4362635206502,Low,Low
MLT,2014,20,59.3063113796339,Low,Low
MLT,2015,20,59.6505777206,Low,Low
MLT,2016,20,57.9576254821318,Low,Low
MLT,2017,20,58.561955740178,Low,Low
MLT,2018,20,58.4939538147523,Low,Low
MLT,2019,20,57.8215307350319,Low,Low
MLT,2020,20,58.9696384657939,Low,Low
MLT,2021,20,58.9187832059807,Low,Low
MLT,2022,20,59.1689676249509,Low,Low
MLT,2023,20,59.1689676249509,Low,Low
MLT,2024,20,59.1689676249509,Low,Low
MLT,2025,21,59.1689676249509,Low,Low
MMR,1995,65,35.0713385222081,Very high,Very high
MMR,1996,65,35.1413980437775,Very high,Very high
MMR,1997,65,35.1307896484185,Very high,Very high
MMR,1998,65,35.2239078232082,Very high,Very high
MMR,1999,65,35.1995108505583,Very high,Very high
MMR,2000,65,35.2421537010274,Very high,Very high
MMR,2001,65,35.3446702794496,Very high,Very high
MMR,2002,65,35.4334479359828,Very high,Very high
MMR,2003,65,35.4042941130736,Very high,Very high
MMR,2004,65,35.0558140730516,Very high,Very high
MMR,2005,65,36.6882078171882,Very high,Very high
MMR,2006,65,40.2066413580089,Very high,High
MMR,2007,65,40.4353236158013,Very high,High
MMR,2008,65,40.6120986299269,Very high,High
MMR,2009,65,40.5766232239169,Very high,High
MMR,2010,65,41.8815894335236,Very high,High
MMR,2011,65,42.4537233811163,Very high,High
MMR,2012,65,43.7000970510909,Very high,High
MMR,2013,65,34.2606490200944,Very high,Very high
MMR,2014,65,35.4084801383511,Very high,Very high
MMR,2015,65,36.6613809835463,Very high,Very high
MMR,2016,65,38.4759190797882,Very high,Very high
MMR,2017,64,39.1889662618332,High,Very high
MMR,2018,63,38.9246125929035,High,Very high
MMR,2019,63,38.7541880121553,High,Very high
MMR,2020,62,39.1674180716535,High,Very high
MMR,2021,62,37.2542753468037,High,Very high
MMR,2022,63,37.0799738667147,High,Very high
MMR,2023,64,37.0799738667147,High,Very high
MMR,2024,64,37.0799738667147,High,Very high
MMR,2025,64,37.0799738667147,High,Very high
MNE,1995,31,50.2550993434036,Low,Low
MNE,1996,31,50.2572413344868,Low,Low
MNE,1997,31,50.2613447719249,Low,Low
MNE,1998,31,50.2667038609848,Low,Low
MNE,1999,31,50.403471522606,Low,Low
MNE,2000,31,50.5252956137039,Low,Low
MNE,2001,31,50.520520296438,Low,Low
MNE,2002,31,50.4938790196504,Low,Low
MNE,2003,31,49.90847578118,Low,Medium
MNE,2004,31,49.9072232160797,Low,Medium
MNE,2005,31,51.217861279967,Low,Low
MNE,2006,31,54.3861042911796,Low,Low
MNE,2007,31,49.3150768781418,Low,Medium
MNE,2008,31,50.6346914739067,Low,Low
MNE,2009,31,51.1498656828021,Low,Low
MNE,2010,31,51.386776509227,Low,Low
MNE,2011,31,51.396063243128,Low,Low
MNE,2012,31,52.6204764060783,Low,Low
MNE,2013,31,53.1264022385942,Low,Low
MNE,2014,31,53.9048930476314,Low,Low
MNE,2015,31,54.0263904756079,Low,Low
MNE,2016,31,53.3367341504464,Low,Low
MNE,2017,30,53.3901069791856,Low,Low
MNE,2018,30,54.1496658218291,Low,Low
MNE,2019,31,54.6574061376258,Low,Low
MNE,2020,31,54.3951909875772,Low,Low
MNE,2021,30,54.2765671605677,Low,Low
MNE,2022,30,54.3347526916316,Low,Low
MNE,2023,30,54.3347526916316,Low,Low
MNE,2024,30,54.3347526916316,Low,Low
MNE,2025,30,54.3347526916316,Low,Low
MNG,1995,38,48.213697692039,Medium,Medium
MNG,1996,38,48.215837744815,Medium,Medium
MNG,1997,38,48.7312250488583,Medium,Medium
MNG,1998,38,48.4154181970035,Medium,Medium
MNG,1999,38,48.4857587460208,Medium,Medium
MNG,2000,38,48.1139096784093,Medium,Medium
MNG,2001,38,48.596898120434,Medium,Medium
MNG,2002,38,49.4054877825083,Medium,Medium
MNG,2003,38,49.5287342396245,Medium,Medium
MNG,2004,38,49.3114334150155,Medium,Medium
MNG,2005,38,49.8523094154744,Medium,Medium
MNG,2006,38,48.8485801586001,Medium,Medium
MNG,2007,38,49.0126307658542,Medium,Medium
MNG,2008,38,48.8552074422194,Medium,Medium
MNG,2009,38,49.1921157911884,Medium,Medium
MNG,2010,38,48.9392898146199,Medium,Medium
MNG,2011,38,49.0507723371371,Medium,Medium
MNG,2012,38,49.6407229030857,Medium,Medium
MNG,2013,38,50.5537168758341,Medium,Low
MNG,2014,38,52.1189680099462,Medium,Low
MNG,2015,38,51.83226360784,Medium,Low
MNG,2016,38,52.874163095277,Medium,Low
MNG,2017,38,54.3166715371261,Medium,Low
MNG,2018,39,54.666408661951,Medium,Low
MNG,2019,38,55.4340731102146,Medium,Low
MNG,2020,38,55.4850869831905,Medium,Low
MNG,2021,37,55.9737631353311,Medium,Low
MNG,2022,37,55.9717750063921,Medium,Low
MNG,2023,37,55.9717750063921,Medium,Low
MNG,2024,37,55.9717750063921,Medium,Low
MNG,2025,37,55.9717750063921,Medium,Low
MOZ,1995,54,38.8764959787727,High,Very high
MOZ,1996,54,38.9020088004825,High,Very high
MOZ,1997,54,39.0213967079858,High,Very high
MOZ,1998,54,39.3074632975806,High,Very high
MOZ,1999,54,39.4473138863551,High,Very high
MOZ,2000,54,39.5693343809795,High,Very high
MOZ,2001,54,38.8274424950937,High,Very high
MOZ,2002,54,39.0297739865566,High,Very high
MOZ,2003,54,38.8944745140811,High,Very high
MOZ,2004,54,39.1272777986092,High,Very high
MOZ,2005,54,38.7218324898549,High,Very high
MOZ,2006,54,38.743594154461,High,Very high
MOZ,2007,54,38.6095530054538,High,Very high
MOZ,2008,54,38.8785534751412,High,Very high
MOZ,2009,54,38.9565835053873,High,Very high
MOZ,2010,54,39.2427725983992,High,Very high
MOZ,2011,54,39.2423375403779,High,Very high
MOZ,2012,54,38.7910887670287,High,Very high
MOZ,2013,54,38.3940344292516,High,Very high
MOZ,2014,54,39.3063738006368,High,Very high
MOZ,2015,54,39.2288743008003,High,Very high
MOZ,2016,54,38.7769261496608,High,Very high
MOZ,2017,55,38.5793562901451,High,Very high
MOZ,2018,55,39.1624606387956,High,Very high
MOZ,2019,54,39.2975115025372,High,Very high
MOZ,2020,53,38.9624290777031,High,Very high
MOZ,2021,53,38.924905789157,High,Very high
MOZ,2022,53,39.172992377748,High,Very high
MOZ,2023,53,39.172992377748,High,Very high
MOZ,2024,53,39.172992377748,High,Very high
MOZ,2025,53,39.172992377748,High,Very high
MRT,1995,53,38.6094289839671,High,Very high
MRT,1996,53,38.5922384945764,High,Very high
MRT,1997,53,38.5345353840391,High,Very high
MRT,1998,53,38.4526233940083,High,Very high
MRT,1999,53,38.4219988641493,High,Very high
MRT,2000,53,38.3870214860168,High,Very high
MRT,2001,53,38.9210443490006,High,Very high
MRT,2002,53,39.244706171208,High,Very high
MRT,2003,53,38.4307645384425,High,Very high
MRT,2004,53,38.4179052949065,High,Very high
MRT,2005,53,37.9896199900526,High,Very high
MRT,2006,53,37.5732748205773,High,Very high
MRT,2007,53,37.7065529742491,High,Very high
MRT,2008,53,36.9679878046357,High,Very high
MRT,2009,53,36.8679789985489,High,Very high
MRT,2010,53,36.3948176349482,High,Very high
MRT,2011,53,35.9411278283206,High,Very high
MRT,2012,53,37.0097437937178,High,Very high
MRT,2013,53,37.012265478769,High,Very high
MRT,2014,53,37.5878607434085,High,Very high
MRT,2015,53,37.4668581006303,High,Very high
MRT,2016,53,39.3120623918489,High,Very high
MRT,2017,51,39.320925711455,High,Very high
MRT,2018,51,39.6293701544532,High,Very high
MRT,2019,51,39.6601033952529,High,Very high
MRT,2020,52,39.803869121844,High,Very high
MRT,2021,52,38.660629144457,High,Very high
MRT,2022,51,38.628868936958,High,Very high
MRT,2023,51,38.628868936958,High,Very high
MRT,2024,51,38.628868936958,High,Very high
MRT,2025,51,38.628868936958,High,Very high
MUS,1995,29,49.2533431616974,Low,Medium
MUS,1996,29,49.225268855423,Low,Medium
MUS,1997,29,49.5546116140702,Low,Medium
MUS,1998,29,49.571778108779,Low,Medium
MUS,1999,29,49.5469314883649,Low,Medium
MUS,2000,29,49.6400462904757,Low,Medium
MUS,2001,29,49.9482680138105,Low,Medium
MUS,2002,29,50.350947413835,Low,Low
MUS,2003,29,50.4674182782236,Low,Low
MUS,2004,29,50.5051525730541,Low,Low
MUS,2005,29,49.4865570073836,Low,Medium
MUS,2006,29,50.6561444842893,Low,Low
MUS,2007,29,50.8314862332981,Low,Low
MUS,2008,29,51.727597068685,Low,Low
MUS,2009,29,51.9527844395786,Low,Low
MUS,2010,29,52.6941791133544,Low,Low
MUS,2011,29,53.358316003937,Low,Low
MUS,2012,29,53.8429944868617,Low,Low
MUS,2013,29,54.1307215018972,Low,Low
MUS,2014,29,54.9679783382327,Low,Low
MUS,2015,29,54.7344742170029,Low,Low
MUS,2016,29,54.2431080175641,Low,Low
MUS,2017,30,54.2071157070386,Low,Low
MUS,2018,29,55.47187344233,Low,Low
MUS,2019,29,55.6279262089128,Low,Low
MUS,2020,29,57.7870822088542,Low,Low
MUS,2021,29,57.7462148209787,Low,Low
MUS,2022,29,57.7709503441975,Low,Low
MUS,2023,29,57.7709503441975,Low,Low
MUS,2024,29,57.7709503441975,Low,Low
MUS,2025,29,57.7709503441975,Low,Low
MWI,1995,50,34.9953050731202,High,Very high
MWI,1996,50,35.0138871144855,High,Very high
MWI,1997,50,35.2305510129737,High,Very high
MWI,1998,50,35.5664972461491,High,Very high
MWI,1999,50,35.5972671055513,High,Very high
MWI,2000,50,35.6863152419773,High,Very high
MWI,2001,50,35.4284316454432,High,Very high
MWI,2002,50,35.0204994695744,High,Very high
MWI,2003,50,35.9082063861791,High,Very high
MWI,2004,50,36.1153626321469,High,Very high
MWI,2005,50,36.2328610244766,High,Very high
MWI,2006,50,35.8297397615328,High,Very high
MWI,2007,50,36.0173888475611,High,Very high
MWI,2008,50,35.9260463552037,High,Very high
MWI,2009,50,36.1718896057321,High,Very high
MWI,2010,50,35.214872765649,High,Very high
MWI,2011,50,35.4604318736976,High,Very high
MWI,2012,50,35.6176767356877,High,Very high
MWI,2013,50,35.2823362607496,High,Very high
MWI,2014,50,35.0479095455022,High,Very high
MWI,2015,50,34.9635516403056,High,Very high
MWI,2016,50,35.773182672465,High,Very high
MWI,2017,51,35.9127150243028,High,Very high
MWI,2018,50,35.8449460652383,High,Very high
MWI,2019,50,36.0568448528544,High,Very high
MWI,2020,49,36.6764374558443,Medium,Very high
MWI,2021,49,37.0429346169175,Medium,Very high
MWI,2022,49,36.9304513644785,Medium,Very high
MWI,2023,49,36.9304513644785,Medium,Very high
MWI,2024,49,36.9304513644785,Medium,Very high
MWI,2025,49,36.9304513644785,Medium,Very high
MYS,1995,34,49.7048595719277,Low,Medium
MYS,1996,34,49.8771092796573,Low,Medium
MYS,1997,34,49.6663860684604,Low,Medium
MYS,1998,34,49.5635097407988,Low,Medium
MYS,1999,34,49.715890446137,Low,Medium
MYS,2000,34,49.9767104289224,Low,Medium
MYS,2001,34,50.4815882371719,Low,Low
MYS,2002,34,51.034314965917,Low,Low
MYS,2003,34,51.5100013546275,Low,Low
MYS,2004,34,51.656884975118,Low,Low
MYS,2005,34,51.2335561274434,Low,Low
MYS,2006,34,51.7173272220956,Low,Low
MYS,2007,34,51.4006922299589,Low,Low
MYS,2008,34,51.3346188605988,Low,Low
MYS,2009,34,52.0696045783815,Low,Low
MYS,2010,34,53.496837013363,Low,Low
MYS,2011,34,53.5705881459992,Low,Low
MYS,2012,34,55.0703477326512,Low,Low
MYS,2013,34,55.9236602547125,Low,Low
MYS,2014,34,57.4905781986103,Low,Low
MYS,2015,34,57.563234316608,Low,Low
MYS,2016,34,56.1633419480737,Low,Low
MYS,2017,34,55.5714015986686,Low,Low
MYS,2018,34,55.9559678752027,Low,Low
MYS,2019,34,56.7224866169601,Low,Low
MYS,2020,33,56.9807728159769,Low,Low
MYS,2021,33,56.9736170368198,Low,Low
MYS,2022,33,57.0719030949718,Low,Low
MYS,2023,33,57.0719030949718,Low,Low
MYS,2024,33,57.0719030949718,Low,Low
MYS,2025,33,57.0719030949718,Low,Low
NAM,1995,43,43.7218096257803,Medium,High
NAM,1996,43,43.7226007503601,Medium,High
NAM,1997,43,43.628474782846,Medium,High
NAM,1998,43,43.6181267273366,Medium,High
NAM,1999,43,43.3504926315098,Medium,High
NAM,2000,43,43.1709323058452,Medium,High
NAM,2001,43,43.2167504755871,Medium,High
NAM,2002,43,43.3140012967657,Medium,High
NAM,2003,43,43.3072906343412,Medium,High
NAM,2004,43,42.6986747960679,Medium,High
NAM,2005,43,42.0242641456215,Medium,High
NAM,2006,43,42.3872348106711,Medium,High
NAM,2007,43,42.9725877391279,Medium,High
NAM,2008,43,43.7504389542492,Medium,High
NAM,2009,43,42.9847464412335,Medium,High
NAM,2010,43,43.1429857093762,Medium,High
NAM,2011,43,43.4807973889621,Medium,High
NAM,2012,43,44.1806995719642,Medium,High
NAM,2013,43,44.3018117062324,Medium,High
NAM,2014,43,44.520922779516,Medium,High
NAM,2015,43,44.6444634207339,Medium,High
NAM,2016,43,45.5821569525847,Medium,Medium
NAM,2017,45,45.9398885136408,Medium,Medium
NAM,2018,44,45.7110702763116,Medium,Medium
NAM,2019,44,45.6267158056931,Medium,Medium
NAM,2020,45,45.813223107539,Medium,Medium
NAM,2021,45,45.8739991071643,Medium,Medium
NAM,2022,45,46.0655777498373,Medium,Medium
NAM,2023,44,46.0655777498373,Medium,Medium
NAM,2024,44,46.0655777498373,Medium,Medium
NAM,2025,44,46.0655777498373,Medium,Medium
NER,1995,54,31.8306328695082,High,Very high
NER,1996,54,31.5630151369098,High,Very high
NER,1997,54,31.5262797504149,High,Very high
NER,1998,54,31.3786070420665,High,Very high
NER,1999,54,31.8537209650935,High,Very high
NER,2000,54,31.9602950158363,High,Very high
NER,2001,54,31.9074132218917,High,Very high
NER,2002,54,32.0997149958541,High,Very high
NER,2003,54,32.6243230225225,High,Very high
NER,2004,54,32.298015580361,High,Very high
NER,2005,54,32.4643313522226,High,Very high
NER,2006,54,31.1930059472083,High,Very high
NER,2007,54,31.946870901413,High,Very high
NER,2008,54,32.0391984547971,High,Very high
NER,2009,54,32.2382302742642,High,Very high
NER,2010,54,31.5838124702221,High,Very high
NER,2011,54,32.2316741437757,High,Very high
NER,2012,54,31.5421306537457,High,Very high
NER,2013,54,32.2633581526077,High,Very high
NER,2014,54,32.3898355076672,High,Very high
NER,2015,54,32.0079138406305,High,Very high
NER,2016,54,33.5663510067438,High,Very high
NER,2017,54,33.7848237424359,High,Very high
NER,2018,53,34.8846192151459,High,Very high
NER,2019,54,35.3079073928675,High,Very high
NER,2020,54,34.8476477643368,High,Very high
NER,2021,54,35.1571688353655,High,Very high
NER,2022,54,35.4803885644176,High,Very high
NER,2023,54,35.4803885644176,High,Very high
NER,2024,54,35.4803885644176,High,Very high
NER,2025,54,35.4803885644176,High,Very high
NGA,1995,50,38.6483076337165,High,Very high
NGA,1996,50,38.6838149257736,High,Very high
NGA,1997,50,38.9789186376391,High,Very high
NGA,1998,50,39.2650664818264,High,Very high
NGA,1999,50,38.864591730693,High,Very high
NGA,2000,50,38.7077251743876,High,Very high
NGA,2001,50,38.9578379023727,High,Very high
NGA,2002,50,38.7940891484408,High,Very high
NGA,2003,50,39.3222268907393,High,Very high
NGA,2004,50,39.3545705059657,High,Very high
NGA,2005,50,41.3686718788425,High,High
NGA,2006,50,44.7980072482217,High,High
NGA,2007,50,45.0736475280357,High,Medium
NGA,2008,50,45.8734846953964,High,Medium
NGA,2009,50,45.6413755817793,High,Medium
NGA,2010,50,46.808928275017,High,Medium
NGA,2011,50,46.5305791895779,High,Medium
NGA,2012,50,46.7802388697227,High,Medium
NGA,2013,50,47.020711873822,High,Medium
NGA,2014,50,36.2090767798151,High,Very high
NGA,2015,50,36.7623241547519,High,Very high
NGA,2016,50,37.7620813464035,High,Very high
NGA,2017,50,37.9036699385942,High,Very high
NGA,2018,49,38.3760828005388,Medium,Very high
NGA,2019,48,38.5222874118561,Medium,Very high
NGA,2020,48,39.1828438844884,Medium,Very high
NGA,2021,48,39.5376627547033,Medium,Very high
NGA,2022,48,39.4143857001307,Medium,Very high
NGA,2023,47,39.4143857001307,Medium,Very high
NGA,2024,49,39.4143857001307,Medium,Very high
NGA,2025,49,39.4143857001307,Medium,Very high
NIC,1995,53,41.1301676996464,High,High
NIC,1996,53,41.2456831569843,High,High
NIC,1997,53,41.3699713184487,High,High
NIC,1998,53,41.259716469931,High,High
NIC,1999,53,41.5299512128588,High,High
NIC,2000,53,41.832599700332,High,High
NIC,2001,53,41.7094625296447,High,High
NIC,2002,53,42.3774894809679,High,High
NIC,2003,53,42.0319159992016,High,High
NIC,2004,53,42.0502485007128,High,High
NIC,2005,53,41.7008577678245,High,High
NIC,2006,53,40.6141150801026,High,High
NIC,2007,53,40.7387423500998,High,High
NIC,2008,53,40.6391649640464,High,High
NIC,2009,53,40.5038719465957,High,High
NIC,2010,53,39.8305886877287,High,Very high
NIC,2011,53,39.9945157094962,High,Very high
NIC,2012,53,40.9641947194019,High,High
NIC,2013,53,41.4093886036555,High,High
NIC,2014,53,41.6345618432866,High,High
NIC,2015,53,42.053625420276,High,High
NIC,2016,53,42.164731351185,High,High
NIC,2017,53,42.1357934255038,High,High
NIC,2018,53,40.9830324681134,High,High
NIC,2019,53,40.6506688627786,High,High
NIC,2020,54,40.7276362072585,High,High
NIC,2021,53,40.5698619305816,High,High
NIC,2022,54,40.5913937850675,High,High
NIC,2023,54,40.5913937850675,High,High
NIC,2024,54,40.5913937850675,High,High
NIC,2025,54,40.5913937850675,High,High
NLD,1995,18,63.8387894257828,Very low,Very low
NLD,1996,18,64.2097513876932,Very low,Very low
NLD,1997,18,64.1641364496813,Very low,Very low
NLD,1998,18,64.4263994479255,Very low,Very low
NLD,1999,18,64.7936175847929,Very low,Very low
NLD,2000,18,64.929910179926,Very low,Very low
NLD,2001,18,64.076321565474,Very low,Very low
NLD,2002,18,64.2429752054996,Very low,Very low
NLD,2003,18,64.0804511022179,Very low,Very low
NLD,2004,18,64.1405395990189,Very low,Very low
NLD,2005,18,64.5195827676456,Very low,Very low
NLD,2006,18,65.8180987708834,Very low,Very low
NLD,2007,18,66.4110643535852,Very low,Very low
NLD,2008,18,67.2088635811392,Very low,Very low
NLD,2009,18,66.7230112605722,Very low,Very low
NLD,2010,18,66.9672960579151,Very low,Very low
NLD,2011,18,67.6472583078374,Very low,Very low
NLD,2012,18,67.4265641984304,Very low,Very low
NLD,2013,18,67.7683644891256,Very low,Very low
NLD,2014,18,68.7899489495645,Very low,Very low
NLD,2015,18,68.2483373153513,Very low,Very low
NLD,2016,18,67.6746859949627,Very low,Very low
NLD,2017,19,67.4836853702891,Very low,Very low
NLD,2018,19,67.1448254679698,Very low,Very low
NLD,2019,18,66.8288622480573,Very low,Very low
NLD,2020,18,66.6670120876603,Very low,Very low
NLD,2021,18,66.7672188056959,Very low,Very low
NLD,2022,18,66.0351076522062,Very low,Very low
NLD,2023,19,66.0351076522062,Very low,Very low
NLD,2024,19,66.0351076522062,Very low,Very low
NLD,2025,19,66.0351076522062,Very low,Very low
NOR,1995,16,68.5348910299202,Very low,Very low
NOR,1996,16,68.8402622260908,Very low,Very low
NOR,1997,16,69.1484164529644,Very low,Very low
NOR,1998,16,69.2287604368739,Very low,Very low
NOR,1999,16,69.4439867722268,Very low,Very low
NOR,2000,16,69.5070717147662,Very low,Very low
NOR,2001,16,69.7119973254613,Very low,Very low
NOR,2002,16,69.9497658125736,Very low,Very low
NOR,2003,16,69.9155337308354,Very low,Very low
NOR,2004,16,70.1160434015457,Very low,Very low
NOR,2005,16,71.1530764022895,Very low,Very low
NOR,2006,16,73.4903720200349,Very low,Very low
NOR,2007,16,73.7117964620197,Very low,Very low
NOR,2008,16,73.8892043655952,Very low,Very low
NOR,2009,16,73.7883432794134,Very low,Very low
NOR,2010,16,74.6300624564624,Very low,Very low
NOR,2011,16,74.545419633556,Very low,Very low
NOR,2012,16,74.5450696817389,Very low,Very low
NOR,2013,16,75.7511521914763,Very low,Very low
NOR,2014,16,76.482234918946,Very low,Very low
NOR,2015,16,76.4475341289347,Very low,Very low
NOR,2016,16,75.9444482868456,Very low,Very low
NOR,2017,16,76.0113109478116,Very low,Very low
NOR,2018,16,75.6151835172731,Very low,Very low
NOR,2019,16,75.0573500804962,Very low,Very low
NOR,2020,16,74.6714263799303,Very low,Very low
NOR,2021,16,75.0297716019064,Very low,Very low
NOR,2022,16,74.6782622936826,Very low,Very low
NOR,2023,16,74.6782622936826,Very low,Very low
NOR,2024,16,74.6782622936826,Very low,Very low
NOR,2025,16,74.6782622936826,Very low,Very low
NPL,1995,56,39.8687040420825,High,Very high
NPL,1996,56,39.422659359593,High,Very high
NPL,1997,56,39.2501176741777,High,Very high
NPL,1998,56,39.1756041537475,High,Very high
NPL,1999,56,38.5643855431431,High,Very high
NPL,2000,56,38.2754436259315,High,Very high
NPL,2001,56,37.7066447374122,High,Very high
NPL,2002,56,37.9971492951667,High,Very high
NPL,2003,56,37.8323298062826,High,Very high
NPL,2004,56,37.1712593486727,High,Very high
NPL,2005,56,38.0231510912207,High,Very high
NPL,2006,56,38.2578889679406,High,Very high
NPL,2007,56,38.9941813406642,High,Very high
NPL,2008,56,39.0423736541814,High,Very high
NPL,2009,56,39.191363897184,High,Very high
NPL,2010,56,39.531202176694,High,Very high
NPL,2011,56,39.5641434563379,High,Very high
NPL,2012,56,39.9106010810661,High,Very high
NPL,2013,56,40.6027283362165,High,High
NPL,2014,56,41.7330963103038,High,High
NPL,2015,56,41.7145462775995,High,High
NPL,2016,56,42.6669095003124,High,High
NPL,2017,55,42.4052652993869,High,High
NPL,2018,54,43.3090698453059,High,High
NPL,2019,53,43.6072480520737,High,High
NPL,2020,53,43.5011657224847,High,High
NPL,2021,53,43.4275499878991,High,High
NPL,2022,52,43.2675468302649,High,High
NPL,2023,52,43.2675468302649,High,High
NPL,2024,52,43.2675468302649,High,High
NPL,2025,52,43.2675468302649,High,High
NRU,1995,31,51.3775081804275,Low,Low
NRU,1996,31,51.1229280361267,Low,Low
NRU,1997,31,51.0387873896575,Low,Low
NRU,1998,31,51.1496238654208,Low,Low
NRU,1999,31,51.4555621110119,Low,Low
NRU,2000,31,51.6381619593946,Low,Low
NRU,2001,31,50.8727175702875,Low,Low
NRU,2002,31,50.0733779988347,Low,Low
NRU,2003,31,50.7040741974935,Low,Low
NRU,2004,31,49.836708276363,Low,Medium
NRU,2005,31,50.8962232911428,Low,Low
NRU,2006,31,50.904479014931,Low,Low
NRU,2007,31,47.6983064435124,Low,Medium
NRU,2008,31,46.7034345014135,Low,Medium
NRU,2009,31,47.2187559886566,Low,Medium
NRU,2010,31,48.3521311491726,Low,Medium
NRU,2011,31,47.5042915298623,Low,Medium
NRU,2012,31,47.7125416069962,Low,Medium
NRU,2013,31,45.5063535066724,Low,Medium
NRU,2014,31,43.0103181649289,Low,High
NRU,2015,31,47.6431068730042,Low,Medium
NRU,2016,31,51.1196051720665,Low,Low
NRU,2017,31,49.1773417440554,Low,Medium
NRU,2018,31,52.7779929049203,Low,Low
NRU,2019,31,52.6058426022479,Low,Low
NRU,2020,31,51.8369552462302,Low,Low
NRU,2021,30,52.944349662312,Low,Low
NRU,2022,31,53.3210310074043,Low,Low
NRU,2023,31,53.3210310074043,Low,Low
NRU,2024,30,53.3210310074043,Low,Low
NRU,2025,30,53.3210310074043,Low,Low
NZL,1995,24,65.3527867353242,Low,Very low
NZL,1996,24,65.4586222170341,Low,Very low
NZL,1997,24,65.6079041248762,Low,Very low
NZL,1998,24,65.9367469966988,Low,Very low
NZL,1999,24,66.1708857939344,Low,Very low
NZL,2000,24,66.7420652976686,Low,Very low
NZL,2001,24,67.0856918380296,Low,Very low
NZL,2002,24,66.720745880684,Low,Very low
NZL,2003,24,66.9265466227143,Low,Very low
NZL,2004,24,67.4504862335544,Low,Very low
NZL,2005,24,68.0513430944765,Low,Very low
NZL,2006,24,70.7486746071289,Low,Very low
NZL,2007,24,71.349817455323,Low,Very low
NZL,2008,24,71.7574390504076,Low,Very low
NZL,2009,24,72.0104290317203,Low,Very low
NZL,2010,24,72.4248845126558,Low,Very low
NZL,2011,24,72.7109427770203,Low,Very low
NZL,2012,24,72.7757658553847,Low,Very low
NZL,2013,24,72.9246447454979,Low,Very low
NZL,2014,24,73.9843686997445,Low,Very low
NZL,2015,24,73.996971363467,Low,Very low
NZL,2016,24,73.2943229292648,Low,Very low
NZL,2017,24,73.4375244251608,Low,Very low
NZL,2018,24,73.0844691375787,Low,Very low
NZL,2019,24,68.9015275246278,Low,Very low
NZL,2020,24,68.8883877329197,Low,Very low
NZL,2021,25,68.887122992084,Low,Very low
NZL,2022,25,68.7893737238817,Low,Very low
NZL,2023,25,68.7893737238817,Low,Very low
NZL,2024,25,68.7893737238817,Low,Very low
NZL,2025,25,68.7893737238817,Low,Very low
OMN,1995,41,46.1474264792879,Medium,Medium
OMN,1996,41,46.3373707522546,Medium,Medium
OMN,1997,41,46.4250565121254,Medium,Medium
OMN,1998,41,46.5521579225881,Medium,Medium
OMN,1999,41,46.7200412791523,Medium,Medium
OMN,2000,41,47.0604065825358,Medium,Medium
OMN,2001,41,47.4716655845885,Medium,Medium
OMN,2002,41,47.9002568898431,Medium,Medium
OMN,2003,41,48.2356462752307,Medium,Medium
OMN,2004,41,48.3573179395617,Medium,Medium
OMN,2005,41,48.293833582937,Medium,Medium
OMN,2006,41,50.0180607901665,Medium,Low
OMN,2007,41,50.5234862603139,Medium,Low
OMN,2008,41,51.0032172490952,Medium,Low
OMN,2009,41,51.0888089405241,Medium,Low
OMN,2010,41,51.8371760612403,Medium,Low
OMN,2011,41,51.6430902785861,Medium,Low
OMN,2012,41,52.3097734650813,Medium,Low
OMN,2013,41,52.8080924412828,Medium,Low
OMN,2014,41,54.2713318590216,Medium,Low
OMN,2015,41,54.1747972741205,Medium,Low
OMN,2016,41,53.7567141869647,Medium,Low
OMN,2017,41,53.6930503724096,Medium,Low
OMN,2018,41,53.6837066302525,Medium,Low
OMN,2019,40,54.1073331520097,Medium,Low
OMN,2020,39,54.042849913127,Medium,Low
OMN,2021,39,53.6207775538285,Medium,Low
OMN,2022,40,53.9256328427169,Medium,Low
OMN,2023,41,53.9256328427169,Medium,Low
OMN,2024,41,53.9256328427169,Medium,Low
OMN,2025,41,53.9256328427169,Medium,Low
PAK,1995,63,39.797634851999,High,Very high
PAK,1996,63,39.8207653879056,High,Very high
PAK,1997,63,39.4963387463716,High,Very high
PAK,1998,63,39.3439922094826,High,Very high
PAK,1999,63,39.5067188558051,High,Very high
PAK,2000,63,39.6810978895436,High,Very high
PAK,2001,63,39.681129373215,High,Very high
PAK,2002,63,39.4084941970586,High,Very high
PAK,2003,63,39.7221854169048,High,Very high
PAK,2004,63,39.4798427000529,High,Very high
PAK,2005,63,41.0016508093881,High,High
PAK,2006,63,44.9157739695914,High,High
PAK,2007,63,44.891222806841,High,High
PAK,2008,63,44.5052361571271,High,High
PAK,2009,63,44.685333129551,High,High
PAK,2010,63,45.9619182748389,High,Medium
PAK,2011,63,45.7438525971188,High,Medium
PAK,2012,63,46.4452589447521,High,Medium
PAK,2013,63,46.8719922076524,High,Medium
PAK,2014,63,38.4224672039896,High,Very high
PAK,2015,63,38.5365086064385,High,Very high
PAK,2016,63,38.329901368659,High,Very high
PAK,2017,62,38.5129560258287,High,Very high
PAK,2018,62,38.5898055023953,High,Very high
PAK,2019,61,39.2314694564838,High,Very high
PAK,2020,61,40.4171825526561,High,High
PAK,2021,61,40.4802990716838,High,High
PAK,2022,61,40.2681588810863,High,High
PAK,2023,61,40.2681588810863,High,High
PAK,2024,61,40.2681588810863,High,High
PAK,2025,61,40.2681588810863,High,High
PAN,1995,43,44.5430809947518,Medium,High
PAN,1996,43,44.8269678403788,Medium,High
PAN,1997,43,45.1532057271845,Medium,Medium
PAN,1998,43,45.4574589768518,Medium,Medium
PAN,1999,43,45.5299965229423,Medium,Medium
PAN,2000,43,45.3935565178601,Medium,Medium
PAN,2001,43,45.6103992642672,Medium,Medium
PAN,2002,43,45.8019104248213,Medium,Medium
PAN,2003,43,45.5928606380186,Medium,Medium
PAN,2004,43,45.8018614089652,Medium,Medium
PAN,2005,43,45.4533223908237,Medium,Medium
PAN,2006,43,46.0158236238165,Medium,Medium
PAN,2007,43,46.4205978279874,Medium,Medium
PAN,2008,43,47.0371352845514,Medium,Medium
PAN,2009,43,47.0247436452974,Medium,Medium
PAN,2010,43,47.5015514653902,Medium,Medium
PAN,2011,43,47.9637751211151,Medium,Medium
PAN,2012,43,47.5837273242787,Medium,Medium
PAN,2013,43,47.9901886024766,Medium,Medium
PAN,2014,43,49.2566386252377,Medium,Medium
PAN,2015,43,49.3459960982257,Medium,Medium
PAN,2016,43,48.8522272877353,Medium,Medium
PAN,2017,43,48.5533502396172,Medium,Medium
PAN,2018,43,48.6699683125141,Medium,Medium
PAN,2019,42,48.1408101683134,Medium,Medium
PAN,2020,41,47.7908469923032,Medium,Medium
PAN,2021,42,47.8773496784897,Medium,Medium
PAN,2022,41,47.8029925053581,Medium,Medium
PAN,2023,42,47.8029925053581,Medium,Medium
PAN,2024,42,47.8029925053581,Medium,Medium
PAN,2025,42,47.8029925053581,Medium,Medium
PER,1995,53,44.870637055622,High,High
PER,1996,53,44.8073224859983,High,High
PER,1997,53,45.0181941632838,High,Medium
PER,1998,53,43.9423518397153,High,High
PER,1999,53,43.9896456679664,High,High
PER,2000,53,43.811678611392,High,High
PER,2001,53,43.7694010760705,High,High
PER,2002,53,43.7878868525804,High,High
PER,2003,53,43.9729110832424,High,High
PER,2004,53,44.3248942594313,High,High
PER,2005,53,44.2596134096925,High,High
PER,2006,53,45.2755196578081,High,Medium
PER,2007,53,45.6357734881325,High,Medium
PER,2008,53,46.2251554754386,High,Medium
PER,2009,53,45.7913917234201,High,Medium
PER,2010,53,46.8269212513798,High,Medium
PER,2011,53,47.5362668483906,High,Medium
PER,2012,53,47.7442395806621,High,Medium
PER,2013,53,48.1957101329325,High,Medium
PER,2014,53,48.8637459433598,High,Medium
PER,2015,53,49.0076802320728,High,Medium
PER,2016,53,49.3268190264164,High,Medium
PER,2017,52,48.9531020826102,High,Medium
PER,2018,52,49.0581815868699,High,Medium
PER,2019,52,49.5291208208058,High,Medium
PER,2020,52,49.6314312858106,High,Medium
PER,2021,52,49.1012699667328,High,Medium
PER,2022,51,49.111461947878,High,Medium
PER,2023,51,49.111461947878,High,Medium
PER,2024,52,49.111461947878,High,Medium
PER,2025,52,49.111461947878,High,Medium
PHL,1995,57,41.5169663423882,High,High
PHL,1996,57,41.5818624481335,High,High
PHL,1997,57,41.7014708224858,High,High
PHL,1998,57,41.865263529541,High,High
PHL,1999,57,41.2560672129261,High,High
PHL,2000,57,40.6532687760952,High,High
PHL,2001,57,40.8356095201712,High,High
PHL,2002,57,41.2835772649284,High,High
PHL,2003,57,40.7010559007337,High,High
PHL,2004,57,40.4559636028878,High,High
PHL,2005,57,41.0276560708434,High,High
PHL,2006,57,40.4063713518582,High,High
PHL,2007,57,40.6257816188001,High,High
PHL,2008,57,40.3639486671384,High,High
PHL,2009,57,40.4624983213133,High,High
PHL,2010,57,40.8340111951625,High,High
PHL,2011,57,41.5956678373439,High,High
PHL,2012,57,42.385898879053,High,High
PHL,2013,57,42.913239581897,High,High
PHL,2014,57,43.8678839981462,High,High
PHL,2015,57,43.553020316364,High,High
PHL,2016,57,42.9807841905201,High,High
PHL,2017,56,43.1002113594494,High,High
PHL,2018,57,42.9254317587998,High,High
PHL,2019,56,43.5347693069953,High,High
PHL,2020,55,44.1940046593717,High,High
PHL,2021,55,44.3347817226103,High,High
PHL,2022,55,44.8405689671952,High,High
PHL,2023,55,44.8405689671952,High,High
PHL,2024,55,44.8405689671952,High,High
PHL,2025,55,44.8405689671952,High,High
PLW,1995,23,42.541045234571,Low,High
PLW,1996,23,42.6332821781564,Low,High
PLW,1997,23,42.7645697024337,Low,High
PLW,1998,23,42.8979622112869,Low,High
PLW,1999,23,42.9873956716306,Low,High
PLW,2000,23,43.0729943906158,Low,High
PLW,2001,23,42.4755418557443,Low,High
PLW,2002,23,42.34073340145,Low,High
PLW,2003,23,42.6382291419019,Low,High
PLW,2004,23,42.9151631819201,Low,High
PLW,2005,23,43.70953084876,Low,High
PLW,2006,23,44.2120026048649,Low,High
PLW,2007,23,44.2432890960329,Low,High
PLW,2008,23,44.4267960032101,Low,High
PLW,2009,23,44.1378952055348,Low,High
PLW,2010,23,44.2058115596721,Low,High
PLW,2011,23,44.7387216007534,Low,High
PLW,2012,23,45.1050778596201,Low,Medium
PLW,2013,23,45.6715823487218,Low,Medium
PLW,2014,23,46.0973794071445,Low,Medium
PLW,2015,23,48.2514023170934,Low,Medium
PLW,2016,23,48.8649546734242,Low,Medium
PLW,2017,26,48.8547348939785,Low,Medium
PLW,2018,26,49.1656700747806,Low,Medium
PLW,2019,26,49.1521459171265,Low,Medium
PLW,2020,26,48.6264496791923,Low,Medium
PLW,2021,26,48.5462467494744,Low,Medium
PLW,2022,26,48.5745710352563,Low,Medium
PLW,2023,25,48.5745710352563,Low,Medium
PLW,2024,25,48.5745710352563,Low,Medium
PLW,2025,25,48.5745710352563,Low,Medium
PNG,1995,65,37.0518209055011,Very high,Very high
PNG,1996,65,36.9111521118792,Very high,Very high
PNG,1997,65,36.8852051506667,Very high,Very high
PNG,1998,65,37.0578057405872,Very high,Very high
PNG,1999,65,36.9715092187613,Very high,Very high
PNG,2000,65,36.9960470273757,Very high,Very high
PNG,2001,65,35.8723297114482,Very high,Very high
PNG,2002,65,34.9286980739354,Very high,Very high
PNG,2003,65,34.7999860708145,Very high,Very high
PNG,2004,65,34.892752338132,Very high,Very high
PNG,2005,65,34.1218872907197,Very high,Very high
PNG,2006,65,34.0643363311113,Very high,Very high
PNG,2007,65,34.3513086511478,Very high,Very high
PNG,2008,65,34.3953721265998,Very high,Very high
PNG,2009,65,34.0239638041165,Very high,Very high
PNG,2010,65,34.3658881969984,Very high,Very high
PNG,2011,65,34.6668721691027,Very high,Very high
PNG,2012,65,34.9113953949769,Very high,Very high
PNG,2013,65,34.6078409847104,Very high,Very high
PNG,2014,65,35.3637316563743,Very high,Very high
PNG,2015,65,36.0540118688044,Very high,Very high
PNG,2016,65,36.0103816508243,Very high,Very high
PNG,2017,65,37.6888566864346,Very high,Very high
PNG,2018,65,37.3967683321216,Very high,Very high
PNG,2019,66,36.5179147747463,Very high,Very high
PNG,2020,65,37.3128278841035,Very high,Very high
PNG,2021,65,36.5922150766633,Very high,Very high
PNG,2022,65,36.8849963421293,Very high,Very high
PNG,2023,65,36.8849963421293,Very high,Very high
PNG,2024,65,36.8849963421293,Very high,Very high
PNG,2025,65,36.8849963421293,Very high,Very high
POL,1995,23,56.9475745106472,Low,Low
POL,1996,23,56.9520784249079,Low,Low
POL,1997,23,57.1497048736334,Low,Low
POL,1998,23,57.2110555364595,Low,Low
POL,1999,23,57.0470518117106,Low,Low
POL,2000,23,57.0777559034132,Low,Low
POL,2001,23,57.2126439266105,Low,Low
POL,2002,23,57.5394074010122,Low,Low
POL,2003,23,57.3704084807059,Low,Low
POL,2004,23,56.9898068292,Low,Low
POL,2005,23,57.2530589912155,Low,Low
POL,2006,23,57.1426109404698,Low,Low
POL,2007,23,57.76107727818,Low,Low
POL,2008,23,58.544485952283,Low,Low
POL,2009,23,58.9623396860095,Low,Low
POL,2010,23,59.5458947401497,Low,Low
POL,2011,23,60.2633421541369,Low,Very low
POL,2012,23,60.8362433475241,Low,Very low
POL,2013,23,61.8430240894468,Low,Very low
POL,2014,23,63.1614093298796,Low,Very low
POL,2015,23,63.508571532475,Low,Very low
POL,2016,23,62.83336413402,Low,Very low
POL,2017,23,62.5312124899607,Low,Very low
POL,2018,24,62.5754610071816,Low,Very low
POL,2019,24,61.979860585567,Low,Very low
POL,2020,24,62.0322838992525,Low,Very low
POL,2021,24,61.6676458408455,Low,Very low
POL,2022,24,61.5947894345944,Low,Very low
POL,2023,24,61.5947894345944,Low,Very low
POL,2024,24,61.5947894345944,Low,Very low
POL,2025,24,61.5947894345944,Low,Very low
PRK,1995,51,43.1279063406867,High,High
PRK,1996,51,43.1200728285672,High,High
PRK,1997,51,43.5910662664378,High,High
PRK,1998,51,43.637400540217,High,High
PRK,1999,51,44.3648076707448,High,High
PRK,2000,51,44.9589648165562,High,High
PRK,2001,51,45.4850574040977,High,Medium
PRK,2002,51,45.5535891605735,High,Medium
PRK,2003,51,44.9685388642202,High,High
PRK,2004,51,44.8665218758468,High,High
PRK,2005,51,44.9670610617152,High,High
PRK,2006,51,44.519343844638,High,High
PRK,2007,51,45.1047952065626,High,Medium
PRK,2008,51,45.3293569623564,High,Medium
PRK,2009,51,44.8288512328146,High,High
PRK,2010,51,44.6329213624188,High,High
PRK,2011,51,44.839354876231,High,High
PRK,2012,51,45.0242134422533,High,Medium
PRK,2013,51,44.5121835755956,High,High
PRK,2014,51,43.7367270443339,High,High
PRK,2015,51,43.5759745614726,High,High
PRK,2016,51,44.0598680801797,High,High
PRK,2017,51,44.2313292857246,High,High
PRK,2018,50,44.5564583782875,High,High
PRK,2019,50,44.199964642947,High,High
PRK,2020,49,44.0822751188268,Medium,High
PRK,2021,49,44.0449719762725,Medium,High
PRK,2022,51,44.071771774892,High,High
PRK,2023,50,44.071771774892,High,High
PRK,2024,51,44.071771774892,High,High
PRK,2025,51,44.071771774892,High,High
PRT,1995,23,54.1142147391095,Low,Low
PRT,1996,23,54.4458056783316,Low,Low
PRT,1997,23,54.5107694038646,Low,Low
PRT,1998,23,54.8661132826372,Low,Low
PRT,1999,23,54.901874081144,Low,Low
PRT,2000,23,54.9607357746837,Low,Low
PRT,2001,23,55.3495654822772,Low,Low
PRT,2002,23,55.8576439781962,Low,Low
PRT,2003,23,55.8143212610382,Low,Low
PRT,2004,23,55.7653207626209,Low,Low
PRT,2005,23,55.7093271752749,Low,Low
PRT,2006,23,56.1940635550057,Low,Low
PRT,2007,23,57.2905422809775,Low,Low
PRT,2008,23,58.1621810714823,Low,Low
PRT,2009,23,58.4479896718271,Low,Low
PRT,2010,23,58.7607730484944,Low,Low
PRT,2011,23,59.2623612535055,Low,Low
PRT,2012,23,60.4005383750493,Low,Very low
PRT,2013,23,60.9748667105494,Low,Very low
PRT,2014,23,62.2430179501905,Low,Very low
PRT,2015,23,62.7196007938299,Low,Very low
PRT,2016,23,62.0860698827468,Low,Very low
PRT,2017,23,62.7634494898859,Low,Very low
PRT,2018,22,62.7931802521136,Low,Very low
PRT,2019,22,62.8404664138447,Low,Very low
PRT,2020,22,62.8428927584076,Low,Very low
PRT,2021,23,62.9626826907295,Low,Very low
PRT,2022,22,63.0171022169349,Low,Very low
PRT,2023,22,63.0171022169349,Low,Very low
PRT,2024,22,63.0171022169349,Low,Very low
PRT,2025,22,63.0171022169349,Low,Very low
PRY,1995,35,42.0857929367761,Medium,High
PRY,1996,35,42.2117355368736,Medium,High
PRY,1997,35,42.0838896929869,Medium,High
PRY,1998,35,42.1406792306109,Medium,High
PRY,1999,35,42.1569261867696,Medium,High
PRY,2000,35,42.1036188968567,Medium,High
PRY,2001,35,42.3369604288335,Medium,High
PRY,2002,35,42.6249099164454,Medium,High
PRY,2003,35,43.0420609049604,Medium,High
PRY,2004,35,43.5703990399114,Medium,High
PRY,2005,35,43.8220478328561,Medium,High
PRY,2006,35,43.1080020066433,Medium,High
PRY,2007,35,43.5881925847101,Medium,High
PRY,2008,35,44.9686327936608,Medium,High
PRY,2009,35,45.1026353207355,Medium,Medium
PRY,2010,35,45.2252504017636,Medium,Medium
PRY,2011,35,45.6740792867657,Medium,Medium
PRY,2012,35,45.7926684788836,Medium,Medium
PRY,2013,35,45.9994496691799,Medium,Medium
PRY,2014,35,47.2905292301038,Medium,Medium
PRY,2015,35,47.5995549936434,Medium,Medium
PRY,2016,35,48.5854620689889,Medium,Medium
PRY,2017,33,48.5787743828943,Low,Medium
PRY,2018,34,48.702084947253,Low,Medium
PRY,2019,33,48.5398169117394,Low,Medium
PRY,2020,32,48.7276183949987,Low,Medium
PRY,2021,33,48.3980201227966,Low,Medium
PRY,2022,32,48.3996362507429,Low,Medium
PRY,2023,33,48.3996362507429,Low,Medium
PRY,2024,33,48.3996362507429,Low,Medium
PRY,2025,33,48.3996362507429,Low,Medium
PSE,2016,25,,Low,
PSE,2017,25,,Low,
PSE,2018,26,,Low,
PSE,2019,27,,Low,
PSE,2020,27,,Low,
PSE,2021,26,,Low,
PSE,2022,27,,Low,
PSE,2023,27,,Low,
PSE,2024,27,,Low,
PSE,2025,27,,Low,
QAT,1995,19,50.0424233384883,Very low,Low
QAT,1996,19,50.1586210835769,Very low,Low
QAT,1997,19,50.8354684497512,Very low,Low
QAT,1998,19,51.3592124521647,Very low,Low
QAT,1999,19,51.3841288356095,Very low,Low
QAT,2000,19,51.6598728619021,Very low,Low
QAT,2001,19,51.8832256937517,Very low,Low
QAT,2002,19,52.0566646753426,Very low,Low
QAT,2003,19,52.2425223697007,Very low,Low
QAT,2004,19,52.2827464351109,Very low,Low
QAT,2005,19,53.8493021090479,Very low,Low
QAT,2006,19,57.6795084134219,Very low,Low
QAT,2007,19,57.783898993872,Very low,Low
QAT,2008,19,55.0703385110428,Very low,Low
QAT,2009,19,56.0057246732209,Very low,Low
QAT,2010,19,56.4541382726095,Very low,Low
QAT,2011,19,55.7648065691836,Very low,Low
QAT,2012,19,56.4317762047745,Very low,Low
QAT,2013,19,57.1058551916449,Very low,Low
QAT,2014,19,56.9591064674786,Very low,Low
QAT,2015,19,56.8476749769322,Very low,Low
QAT,2016,19,56.9726237408155,Very low,Low
QAT,2017,20,56.7860160561915,Low,Low
QAT,2018,21,57.0758040381047,Low,Low
QAT,2019,19,57.44657911184,Very low,Low
QAT,2020,19,58.8836478745715,Very low,Low
QAT,2021,19,59.0692282167969,Very low,Low
QAT,2022,19,59.6445134850436,Very low,Low
QAT,2023,19,59.6445134850436,Very low,Low
QAT,2024,19,59.6445134850436,Very low,Low
QAT,2025,19,59.6445134850436,Very low,Low
ROU,1995,34,47.1356893064632,Low,Medium
ROU,1996,34,47.4441445719959,Low,Medium
ROU,1997,34,47.3971233909991,Low,Medium
ROU,1998,34,46.9251172474405,Low,Medium
ROU,1999,34,46.7889761433654,Low,Medium
ROU,2000,34,46.7609106695507,Low,Medium
ROU,2001,34,47.1597318629798,Low,Medium
ROU,2002,34,48.0054333793249,Low,Medium
ROU,2003,34,47.6252488733229,Low,Medium
ROU,2004,34,48.0089527683285,Low,Medium
ROU,2005,34,48.5920227861289,Low,Medium
ROU,2006,34,48.1485147275951,Low,Medium
ROU,2007,34,49.8821570507925,Low,Medium
ROU,2008,34,51.0961313962203,Low,Low
ROU,2009,34,51.7328242952533,Low,Low
ROU,2010,34,50.558403371576,Low,Low
ROU,2011,34,49.9608586021713,Low,Medium
ROU,2012,34,48.7306860056964,Low,Medium
ROU,2013,34,49.3869986889597,Low,Medium
ROU,2014,34,50.464660352019,Low,Low
ROU,2015,34,51.1969332743602,Low,Low
ROU,2016,34,50.8457939475445,Low,Low
ROU,2017,34,51.1173711400726,Low,Low
ROU,2018,34,51.464800051386,Low,Low
ROU,2019,33,50.5833797333445,Low,Low
ROU,2020,33,51.2332850338292,Low,Low
ROU,2021,33,51.2224691732699,Low,Low
ROU,2022,33,51.2588527573721,Low,Low
ROU,2023,32,51.2588527573721,Low,Low
ROU,2024,32,51.2588527573721,Low,Low
ROU,2025,32,51.2588527573721,Low,Low
RUS,1995,46,51.9375693037712,Medium,Low
RUS,1996,46,52.0798793731595,Medium,Low
RUS,1997,46,51.9446459889667,Medium,Low
RUS,1998,46,52.3083518762298,Medium,Low
RUS,1999,46,53.0036717258563,Medium,Low
RUS,2000,46,53.3630590031128,Medium,Low
RUS,2001,46,54.3150729230146,Medium,Low
RUS,2002,46,55.1134898762986,Medium,Low
RUS,2003,46,55.5099817074791,Medium,Low
RUS,2004,46,55.2795920606468,Medium,Low
RUS,2005,46,56.9157368290054,Medium,Low
RUS,2006,46,60.9919932884606,Medium,Very low
RUS,2007,46,61.4160472586706,Medium,Very low
RUS,2008,46,62.1794944910574,Medium,Very low
RUS,2009,46,61.5405369425874,Medium,Very low
RUS,2010,46,63.4221776407278,Medium,Very low
RUS,2011,46,63.2761875736846,Medium,Very low
RUS,2012,46,63.8076912527655,Medium,Very low
RUS,2013,46,64.1723086457897,Medium,Very low
RUS,2014,46,57.9111855715826,Medium,Low
RUS,2015,46,59.1569809065691,Medium,Low
RUS,2016,46,60.2035153708297,Medium,Very low
RUS,2017,46,60.175053149993,Medium,Very low
RUS,2018,46,60.766995779075,Medium,Very low
RUS,2019,45,61.1473879529086,Medium,Very low
RUS,2020,45,60.3495875663539,Medium,Very low
RUS,2021,44,59.6775322313139,Medium,Low
RUS,2022,45,58.8494849642904,Medium,Low
RUS,2023,46,58.8494849642904,Medium,Low
RUS,2024,47,58.8494849642904,Medium,Low
RUS,2025,47,58.8494849642904,Medium,Low
RWA,1995,40,31.6863795325327,Medium,Very high
RWA,1996,40,31.6723879779911,Medium,Very high
RWA,1997,40,31.6491115812507,Medium,Very high
RWA,1998,40,31.4704095413333,Medium,Very high
RWA,1999,40,31.7781126199243,Medium,Very high
RWA,2000,40,31.969853721472,Medium,Very high
RWA,2001,40,32.3982576324368,Medium,Very high
RWA,2002,40,32.992813964963,Medium,Very high
RWA,2003,40,33.9450529771708,Medium,Very high
RWA,2004,40,34.334063610807,Medium,Very high
RWA,2005,40,33.5860404112957,Medium,Very high
RWA,2006,40,33.4888868779524,Medium,Very high
RWA,2007,40,34.0614273353339,Medium,Very high
RWA,2008,40,34.9580748989077,Medium,Very high
RWA,2009,40,35.9896933328146,Medium,Very high
RWA,2010,40,37.7683030783665,Medium,Very high
RWA,2011,40,38.2677667099348,Medium,Very high
RWA,2012,40,38.4253151677197,Medium,Very high
RWA,2013,40,38.7876948730732,Medium,Very high
RWA,2014,40,40.520581986617,Medium,High
RWA,2015,40,40.6166923217406,Medium,High
RWA,2016,40,41.4580136899598,Medium,High
RWA,2017,39,41.7175476364777,Medium,High
RWA,2018,38,42.0868592786222,Medium,High
RWA,2019,38,42.1481100049045,Medium,High
RWA,2020,38,42.8115394205668,Medium,High
RWA,2021,38,42.993530881515,Medium,High
RWA,2022,38,42.9810393512794,Medium,High
RWA,2023,38,42.9810393512794,Medium,High
RWA,2024,37,42.9810393512794,Medium,High
RWA,2025,37,42.9810393512794,Medium,High
SAU,1995,32,42.8311287655437,Low,High
SAU,1996,32,42.8920699044691,Low,High
SAU,1997,32,43.0612540146557,Low,High
SAU,1998,32,43.1719804953315,Low,High
SAU,1999,32,43.3881002683251,Low,High
SAU,2000,32,43.485333104799,Low,High
SAU,2001,32,43.8218796174325,Low,High
SAU,2002,32,44.1432255494233,Low,High
SAU,2003,32,44.3836393751844,Low,High
SAU,2004,32,43.8308606364719,Low,High
SAU,2005,32,45.2918611389436,Low,Medium
SAU,2006,32,46.3847174603137,Low,Medium
SAU,2007,32,47.0433238846705,Low,Medium
SAU,2008,32,48.7622951400837,Low,Medium
SAU,2009,32,49.0127858941582,Low,Medium
SAU,2010,32,49.9809096540597,Low,Medium
SAU,2011,32,49.4941933632344,Low,Medium
SAU,2012,32,50.2571462628,Low,Low
SAU,2013,32,51.3991553747884,Low,Low
SAU,2014,32,52.5557245785351,Low,Low
SAU,2015,32,52.7265329266413,Low,Low
SAU,2016,32,54.0667465662573,Low,Low
SAU,2017,33,54.0720596866825,Low,Low
SAU,2018,32,54.3597475663286,Low,Low
SAU,2019,32,55.9111039208167,Low,Low
SAU,2020,31,57.8053385125453,Low,Low
SAU,2021,32,57.0248505066416,Low,Low
SAU,2022,30,57.5608283433596,Low,Low
SAU,2023,30,57.5608283433596,Low,Low
SAU,2024,30,57.5608283433596,Low,Low
SAU,2025,30,57.5608283433596,Low,Low
SDN,1995,54,32.7481645471406,High,Very high
SDN,1996,54,32.9716010605093,High,Very high
SDN,1997,54,33.204542479865,High,Very high
SDN,1998,54,33.4238518404338,High,Very high
SDN,1999,54,33.565044731878,High,Very high
SDN,2000,54,33.4209261125902,High,Very high
SDN,2001,54,33.9602217172207,High,Very high
SDN,2002,54,34.3264826838918,High,Very high
SDN,2003,54,33.8589213386428,High,Very high
SDN,2004,54,34.4250306518213,High,Very high
SDN,2005,54,32.6325211561555,High,Very high
SDN,2006,54,31.7585949535586,High,Very high
SDN,2007,54,31.9337235695789,High,Very high
SDN,2008,54,31.6207055782494,High,Very high
SDN,2009,54,32.0456284428508,High,Very high
SDN,2010,54,31.4113859421722,High,Very high
SDN,2011,54,31.4693826053313,High,Very high
SDN,2012,54,31.5006336399693,High,Very high
SDN,2013,54,31.9089293092442,High,Very high
SDN,2014,54,32.005679016089,High,Very high
SDN,2015,54,32.1819246270837,High,Very high
SDN,2016,54,32.7371041549397,High,Very high
SDN,2017,54,32.9827837640369,High,Very high
SDN,2018,53,32.8896327360797,High,Very high
SDN,2019,53,33.3234501571522,High,Very high
SDN,2020,53,33.3086265236694,High,Very high
SDN,2021,52,32.9223635962539,High,Very high
SDN,2022,52,32.7187522109853,High,Very high
SDN,2023,52,32.7187522109853,High,Very high
SDN,2024,53,32.7187522109853,High,Very high
SDN,2025,52,32.7187522109853,High,Very high
SEN,1995,49,39.1138924223638,Medium,Very high
SEN,1996,49,39.0682602966401,Medium,Very high
SEN,1997,49,39.0270380904043,Medium,Very high
SEN,1998,49,38.8428850075501,Medium,Very high
SEN,1999,49,39.0324141033634,Medium,Very high
SEN,2000,49,39.2760096698737,Medium,Very high
SEN,2001,49,39.5753995225973,Medium,Very high
SEN,2002,49,39.990663382978,Medium,Very high
SEN,2003,49,39.5393392495332,Medium,Very high
SEN,2004,49,40.1142161817045,Medium,High
SEN,2005,49,39.2806044684637,Medium,Very high
SEN,2006,49,37.4797984230075,Medium,Very high
SEN,2007,49,37.5490150594651,Medium,Very high
SEN,2008,49,37.6423548053347,Medium,Very high
SEN,2009,49,39.2945081747696,Medium,Very high
SEN,2010,49,37.9871879829936,Medium,Very high
SEN,2011,49,38.1246354433908,Medium,Very high
SEN,2012,49,38.67891685827,Medium,Very high
SEN,2013,49,38.8035847905038,Medium,Very high
SEN,2014,49,38.866894290659,Medium,Very high
SEN,2015,49,38.9390044788653,Medium,Very high
SEN,2016,49,39.699562948024,Medium,Very high
SEN,2017,48,39.4905351094756,Medium,Very high
SEN,2018,47,40.0833340998527,Medium,High
SEN,2019,47,40.4162754787468,Medium,High
SEN,2020,47,40.5229377498959,Medium,High
SEN,2021,46,40.6502705228968,Medium,High
SEN,2022,46,40.8594801736331,Medium,High
SEN,2023,46,40.8594801736331,Medium,High
SEN,2024,46,40.8594801736331,Medium,High
SEN,2025,46,40.8594801736331,Medium,High
SGP,1995,9,58.6246353058397,Very low,Low
SGP,1996,9,59.263721174775,Very low,Low
SGP,1997,9,59.7501833341268,Very low,Low
SGP,1998,9,59.8905973002848,Very low,Low
SGP,1999,9,60.3794838609963,Very low,Very low
SGP,2000,9,61.5141567723647,Very low,Very low
SGP,2001,9,61.4789823201784,Very low,Very low
SGP,2002,9,62.088537517323,Very low,Very low
SGP,2003,9,62.0808514090756,Very low,Very low
SGP,2004,9,62.7040894774203,Very low,Very low
SGP,2005,9,62.7240817510637,Very low,Very low
SGP,2006,9,65.5876689084447,Very low,Very low
SGP,2007,9,66.4168495463076,Very low,Very low
SGP,2008,9,66.8788996305301,Very low,Very low
SGP,2009,9,66.1814261656055,Very low,Very low
SGP,2010,9,67.6939999379565,Very low,Very low
SGP,2011,9,68.3454781249215,Very low,Very low
SGP,2012,9,68.7970498465305,Very low,Very low
SGP,2013,9,69.6287186327038,Very low,Very low
SGP,2014,9,70.9376472764722,Very low,Very low
SGP,2015,9,71.0923819760182,Very low,Very low
SGP,2016,9,70.0276148065977,Very low,Very low
SGP,2017,9,70.3346384618495,Very low,Very low
SGP,2018,9,70.5066067101409,Very low,Very low
SGP,2019,9,70.5077878966608,Very low,Very low
SGP,2020,9,70.7045550811611,Very low,Very low
SGP,2021,9,70.9610935932417,Very low,Very low
SGP,2022,8,71.0853551261261,Very low,Very low
SGP,2023,9,71.0853551261261,Very low,Very low
SGP,2024,9,71.0853551261261,Very low,Very low
SGP,2025,9,71.0853551261261,Very low,Very low
SLB,1995,57,41.471631545934,High,High
SLB,1996,57,41.4677115708651,High,High
SLB,1997,57,41.5605671163443,High,High
SLB,1998,57,41.6112583108116,High,High
SLB,1999,57,40.4091120293927,High,High
SLB,2000,57,38.8995659198516,High,Very high
SLB,2001,57,38.7278190099082,High,Very high
SLB,2002,57,36.5628651697004,High,Very high
SLB,2003,57,38.407178428169,High,Very high
SLB,2004,57,36.0303452214536,High,Very high
SLB,2005,57,35.1588672129635,High,Very high
SLB,2006,57,35.0854836243225,High,Very high
SLB,2007,57,34.7948563547411,High,Very high
SLB,2008,57,35.1698665606566,High,Very high
SLB,2009,57,34.9257308565452,High,Very high
SLB,2010,57,34.9162336434237,High,Very high
SLB,2011,57,35.3500852387102,High,Very high
SLB,2012,57,35.229500741743,High,Very high
SLB,2013,57,36.2358769309876,High,Very high
SLB,2014,57,36.9436708211943,High,Very high
SLB,2015,57,38.7787709301723,High,Very high
SLB,2016,57,38.57793812123,High,Very high
SLB,2017,54,39.3372014867467,High,Very high
SLB,2018,55,39.9265001561911,High,Very high
SLB,2019,54,38.5855083337728,High,Very high
SLB,2020,54,40.6762846282502,High,High
SLB,2021,54,39.4270348777839,High,Very high
SLB,2022,55,38.148322785857,High,Very high
SLB,2023,54,38.148322785857,High,Very high
SLB,2024,54,38.148322785857,High,Very high
SLB,2025,54,38.148322785857,High,Very high
SLE,1995,48,33.2323972822593,Medium,Very high
SLE,1996,48,33.2019364946285,Medium,Very high
SLE,1997,48,33.0733955280287,Medium,Very high
SLE,1998,48,32.9387150388377,Medium,Very high
SLE,1999,48,33.001050328245,Medium,Very high
SLE,2000,48,33.0706345635791,Medium,Very high
SLE,2001,48,33.4154064412107,Medium,Very high
SLE,2002,48,33.5372481703571,Medium,Very high
SLE,2003,48,33.972786311869,Medium,Very high
SLE,2004,48,34.3826660986028,Medium,Very high
SLE,2005,48,33.2999114196627,Medium,Very high
SLE,2006,48,31.5583179553399,Medium,Very high
SLE,2007,48,32.2628777065883,Medium,Very high
SLE,2008,48,32.020696846729,Medium,Very high
SLE,2009,48,32.802840697714,Medium,Very high
SLE,2010,48,31.6542368498659,Medium,Very high
SLE,2011,48,32.4877181667255,Medium,Very high
SLE,2012,48,33.6045389938826,Medium,Very high
SLE,2013,48,33.719118547916,Medium,Very high
SLE,2014,48,34.3401035201092,Medium,Very high
SLE,2015,48,34.2727046911655,Medium,Very high
SLE,2016,48,34.6673755774743,Medium,Very high
SLE,2017,48,35.079051236908,Medium,Very high
SLE,2018,47,35.0735834763796,Medium,Very high
SLE,2019,47,35.1360067584277,Medium,Very high
SLE,2020,47,34.9463625441154,Medium,Very high
SLE,2021,47,35.1224718848237,Medium,Very high
SLE,2022,46,35.0065932378839,Medium,Very high
SLE,2023,46,35.0065932378839,Medium,Very high
SLE,2024,46,35.0065932378839,Medium,Very high
SLE,2025,46,35.0065932378839,Medium,Very high
SLV,1995,48,42.0023630911999,Medium,High
SLV,1996,48,41.9265425955522,Medium,High
SLV,1997,48,42.0195547776142,Medium,High
SLV,1998,48,42.0861151390292,Medium,High
SLV,1999,48,42.3475804492048,Medium,High
SLV,2000,48,42.5566557538978,Medium,High
SLV,2001,48,42.581875384693,Medium,High
SLV,2002,48,42.8191863948884,Medium,High
SLV,2003,48,43.0343429704579,Medium,High
SLV,2004,48,43.7321268926818,Medium,High
SLV,2005,48,43.5212928654778,Medium,High
SLV,2006,48,44.4395023558179,Medium,High
SLV,2007,48,44.6995781011414,Medium,High
SLV,2008,48,45.3824412520542,Medium,Medium
SLV,2009,48,45.7181301712667,Medium,Medium
SLV,2010,48,45.8239038813988,Medium,Medium
SLV,2011,48,46.3644103657174,Medium,Medium
SLV,2012,48,46.2102082431206,Medium,Medium
SLV,2013,48,46.4822042948667,Medium,Medium
SLV,2014,48,46.8695181259623,Medium,Medium
SLV,2015,48,46.2057480229514,Medium,Medium
SLV,2016,48,45.5248751095445,Medium,Medium
SLV,2017,48,45.6325930206719,Medium,Medium
SLV,2018,49,45.9350878602675,Medium,Medium
SLV,2019,48,46.0543194374882,Medium,Medium
SLV,2020,48,46.2453205884269,Medium,Medium
SLV,2021,47,46.1530177065468,Medium,Medium
SLV,2022,47,46.0818949003492,Medium,Medium
SLV,2023,47,46.0818949003492,Medium,Medium
SLV,2024,48,46.0818949003492,Medium,Medium
SLV,2025,48,46.0818949003492,Medium,Medium
SMR,1995,,,,
SMR,1996,,,,
SMR,1997,,,,
SMR,1998,,,,
SMR,1999,,,,
SMR,2000,,,,
SMR,2001,,,,
SMR,2002,,,,
SMR,2003,,,,
SMR,2004,,,,
SMR,2005,,,,
SMR,2006,,,,
SMR,2007,,,,
SMR,2008,,,,
SMR,2009,,,,
SMR,2010,,,,
SMR,2011,,,,
SMR,2012,,,,
SMR,2013,,,,
SMR,2014,,,,
SMR,2015,,,,
SMR,2016,,,,
SMR,2017,,,,
SMR,2018,,,,
SMR,2019,,,,
SMR,2020,,,,
SMR,2021,,,,
SMR,2022,,,,
SOM,1995,74,31.4589947795772,Very high,Very high
SOM,1996,74,31.4057488439014,Very high,Very high
SOM,1997,74,31.7349776198586,Very high,Very high
SOM,1998,74,32.0694782029068,Very high,Very high
SOM,1999,74,32.1229482673908,Very high,Very high
SOM,2000,74,32.2380702906339,Very high,Very high
SOM,2001,74,32.4316709610906,Very high,Very high
SOM,2002,74,32.62215658414,Very high,Very high
SOM,2003,74,31.8000700947204,Very high,Very high
SOM,2004,74,30.4989184316565,Very high,Very high
SOM,2005,74,32.712765658715,Very high,Very high
SOM,2006,74,37.3384322115334,Very high,Very high
SOM,2007,74,37.0460445325423,Very high,Very high
SOM,2008,74,36.6545098341292,Very high,Very high
SOM,2009,74,37.1739658830359,Very high,Very high
SOM,2010,74,39.9153169318762,Very high,Very high
SOM,2011,74,40.0411043199357,Very high,High
SOM,2012,74,40.6230702385522,Very high,High
SOM,2013,74,41.040617924787,Very high,High
SOM,2014,74,42.1182653636229,Very high,High
SOM,2015,74,42.3483016806529,Very high,High
SOM,2016,74,37.3224430490421,Very high,Very high
SOM,2017,73,37.503770487645,Very high,Very high
SOM,2018,73,37.4607925267713,Very high,Very high
SOM,2019,73,37.1787255422493,Very high,Very high
SOM,2020,73,37.3529871993825,Very high,Very high
SOM,2021,72,37.2365613543457,Very high,Very high
SOM,2022,72,37.4262208313531,Very high,Very high
SOM,2023,72,37.4262208313531,Very high,Very high
SOM,2024,72,37.4262208313531,Very high,Very high
SOM,2025,71,37.4262208313531,Very high,Very high
SRB,1995,36,45.5683415086873,Medium,Medium
SRB,1996,36,45.3202814283484,Medium,Medium
SRB,1997,36,44.8122305164671,Medium,High
SRB,1998,36,44.4369043884178,Medium,High
SRB,1999,36,44.8168538481529,Medium,High
SRB,2000,36,45.0151663484839,Medium,Medium
SRB,2001,36,45.5300606146711,Medium,Medium
SRB,2002,36,46.2211648505782,Medium,Medium
SRB,2003,36,46.6123166267266,Medium,Medium
SRB,2004,36,46.9199838667699,Medium,Medium
SRB,2005,36,45.8570329921484,Medium,Medium
SRB,2006,36,46.6301587395618,Medium,Medium
SRB,2007,36,47.3058600916471,Medium,Medium
SRB,2008,36,47.4503288049513,Medium,Medium
SRB,2009,36,47.5306572277092,Medium,Medium
SRB,2010,36,47.8149245462451,Medium,Medium
SRB,2011,36,47.9656578636305,Medium,Medium
SRB,2012,36,48.2719258610188,Medium,Medium
SRB,2013,36,49.4367007999972,Medium,Medium
SRB,2014,36,50.8021522114992,Medium,Low
SRB,2015,36,50.3730495094361,Medium,Low
SRB,2016,36,50.5970793854029,Medium,Low
SRB,2017,36,52.0252557546785,Medium,Low
SRB,2018,36,51.1043557179314,Medium,Low
SRB,2019,35,51.149158481318,Medium,Low
SRB,2020,35,51.0892323942823,Medium,Low
SRB,2021,35,51.2313515681328,Medium,Low
SRB,2022,35,51.1330236257625,Medium,Low
SRB,2023,35,51.1330236257625,Medium,Low
SRB,2024,35,51.1330236257625,Medium,Low
SRB,2025,35,51.1330236257625,Medium,Low
SSD,2016,60,,High,
SSD,2017,60,,High,
SSD,2018,61,,High,
SSD,2019,60,,High,
SSD,2020,61,,High,
SSD,2021,60,,High,
SSD,2022,59,,High,
SSD,2023,60,,High,
SSD,2024,60,,High,
SSD,2025,60,,High,
STP,1995,31,41.6298781705284,Low,High
STP,1996,31,41.671090097872,Low,High
STP,1997,31,41.7034218132186,Low,High
STP,1998,31,41.885572095646,Low,High
STP,1999,31,41.9155203577301,Low,High
STP,2000,31,41.6085481605391,Low,High
STP,2001,31,41.389285913383,Low,High
STP,2002,31,41.119158804771,Low,High
STP,2003,31,40.8343163987253,Low,High
STP,2004,31,40.4934825678799,Low,High
STP,2005,31,37.6257498459218,Low,Very high
STP,2006,31,36.8337208432418,Low,Very high
STP,2007,31,36.9524559815569,Low,Very high
STP,2008,31,37.20083608691,Low,Very high
STP,2009,31,37.0927219369501,Low,Very high
STP,2010,31,37.6033720840582,Low,Very high
STP,2011,31,37.594092276949,Low,Very high
STP,2012,31,39.1988256817171,Low,Very high
STP,2013,31,39.3569692316756,Low,Very high
STP,2014,31,40.0655336832981,Low,High
STP,2015,31,40.2075765587456,Low,High
STP,2016,31,40.2346308644232,Low,High
STP,2017,31,40.4928971719842,Low,High
STP,2018,31,40.7336947582282,Low,High
STP,2019,31,40.6040173712948,Low,High
STP,2020,25,40.5783152437061,Low,High
STP,2021,25,40.9700312031957,Low,High
STP,2022,25,41.455245173354,Low,High
STP,2023,25,41.455245173354,Low,High
STP,2024,25,41.455245173354,Low,High
STP,2025,25,41.455245173354,Low,High
SUR,1995,41,46.4443223133531,Medium,Medium
SUR,1996,41,46.4464278667509,Medium,Medium
SUR,1997,41,46.6573501532678,Medium,Medium
SUR,1998,41,46.8640787595119,Medium,Medium
SUR,1999,41,46.80854697196,Medium,Medium
SUR,2000,41,46.7483462467224,Medium,Medium
SUR,2001,41,47.4653859804505,Medium,Medium
SUR,2002,41,47.207638243595,Medium,Medium
SUR,2003,41,47.4941456146245,Medium,Medium
SUR,2004,41,47.4759158988129,Medium,Medium
SUR,2005,41,48.7381017086819,Medium,Medium
SUR,2006,41,44.4332051528825,Medium,High
SUR,2007,41,44.8211572583252,Medium,High
SUR,2008,41,45.0227293406598,Medium,Medium
SUR,2009,41,44.6886792737896,Medium,High
SUR,2010,41,44.0145769325251,Medium,High
SUR,2011,41,44.3146777411671,Medium,High
SUR,2012,41,44.5132180443751,Medium,High
SUR,2013,41,44.644766762105,Medium,High
SUR,2014,41,44.5739971608037,Medium,High
SUR,2015,41,45.1461066805001,Medium,Medium
SUR,2016,41,44.7129427880754,Medium,High
SUR,2017,40,45.5141417536255,Medium,Medium
SUR,2018,41,45.4991278762809,Medium,Medium
SUR,2019,40,45.097245589731,Medium,Medium
SUR,2020,40,45.1117527595717,Medium,Medium
SUR,2021,41,45.2419222642108,Medium,Medium
SUR,2022,41,45.2488541898453,Medium,Medium
SUR,2023,41,45.2488541898453,Medium,Medium
SUR,2024,41,45.2488541898453,Medium,Medium
SUR,2025,41,45.2488541898453,Medium,Medium
SVK,1995,25,53.2314986948724,Low,Low
SVK,1996,25,52.8890211380486,Low,Low
SVK,1997,25,53.0796115292829,Low,Low
SVK,1998,25,53.2542529502828,Low,Low
SVK,1999,25,53.4310129857878,Low,Low
SVK,2000,25,53.7023182097755,Low,Low
SVK,2001,25,54.1006341534244,Low,Low
SVK,2002,25,54.6838904153483,Low,Low
SVK,2003,25,55.029373548401,Low,Low
SVK,2004,25,55.2664415935695,Low,Low
SVK,2005,25,56.0176488053424,Low,Low
SVK,2006,25,57.2967407135051,Low,Low
SVK,2007,25,57.8948302081886,Low,Low
SVK,2008,25,57.9728944184736,Low,Low
SVK,2009,25,58.1306806923342,Low,Low
SVK,2010,25,58.0166949646601,Low,Low
SVK,2011,25,57.9904165023227,Low,Low
SVK,2012,25,57.7130660549993,Low,Low
SVK,2013,25,58.0189059770468,Low,Low
SVK,2014,25,58.3368442447785,Low,Low
SVK,2015,25,57.7807540374895,Low,Low
SVK,2016,25,57.8811679552132,Low,Low
SVK,2017,25,57.6364988988453,Low,Low
SVK,2018,25,57.9635086605769,Low,Low
SVK,2019,25,57.8363786871975,Low,Low
SVK,2020,25,58.2591687170266,Low,Low
SVK,2021,24,58.2227014086151,Low,Low
SVK,2022,24,57.8633921934517,Low,Low
SVK,2023,24,57.8633921934517,Low,Low
SVK,2024,24,57.8633921934517,Low,Low
SVK,2025,24,57.8633921934517,Low,Low
SVN,1995,23,59.5474588322054,Low,Low
SVN,1996,23,59.3587130833786,Low,Low
SVN,1997,23,59.4737973695046,Low,Low
SVN,1998,23,60.3608964191606,Low,Very low
SVN,1999,23,59.858694151684,Low,Low
SVN,2000,23,60.1787705995552,Low,Very low
SVN,2001,23,60.6271035929635,Low,Very low
SVN,2002,23,60.8952546958976,Low,Very low
SVN,2003,23,61.0316143957106,Low,Very low
SVN,2004,23,61.8394419620391,Low,Very low
SVN,2005,23,62.1994035033355,Low,Very low
SVN,2006,23,62.0917621315733,Low,Very low
SVN,2007,23,62.6152666553517,Low,Very low
SVN,2008,23,62.2369917810983,Low,Very low
SVN,2009,23,63.4680856189996,Low,Very low
SVN,2010,23,64.6576818385757,Low,Very low
SVN,2011,23,65.1907998221981,Low,Very low
SVN,2012,23,65.2997204132074,Low,Very low
SVN,2013,23,65.3039753176835,Low,Very low
SVN,2014,23,65.9247204170308,Low,Very low
SVN,2015,23,65.4148411203936,Low,Very low
SVN,2016,23,65.2434446474509,Low,Very low
SVN,2017,23,64.7596316167524,Low,Very low
SVN,2018,22,64.5157184053721,Low,Very low
SVN,2019,22,64.5046909604661,Low,Very low
SVN,2020,22,64.1807922931371,Low,Very low
SVN,2021,22,64.1010283562539,Low,Very low
SVN,2022,22,63.9207667787044,Low,Very low
SVN,2023,22,63.9207667787044,Low,Very low
SVN,2024,22,63.9207667787044,Low,Very low
SVN,2025,22,63.9207667787044,Low,Very low
SWE,1995,16,64.5656325033972,Very low,Very low
SWE,1996,16,64.6788071823446,Very low,Very low
SWE,1997,16,64.8798972895159,Very low,Very low
SWE,1998,16,65.0396379231279,Very low,Very low
SWE,1999,16,65.6479948523602,Very low,Very low
SWE,2000,16,65.880034906601,Very low,Very low
SWE,2001,16,66.2655507424648,Very low,Very low
SWE,2002,16,66.8145625913538,Very low,Very low
SWE,2003,16,66.9785884138693,Very low,Very low
SWE,2004,16,67.2973166952639,Very low,Very low
SWE,2005,16,67.7014995024271,Very low,Very low
SWE,2006,16,69.8046128831279,Very low,Very low
SWE,2007,16,70.0169136343405,Very low,Very low
SWE,2008,16,69.8740498636118,Very low,Very low
SWE,2009,16,69.7606070735507,Very low,Very low
SWE,2010,16,70.6506403000128,Very low,Very low
SWE,2011,16,71.0202434507366,Very low,Very low
SWE,2012,16,71.0255162528176,Very low,Very low
SWE,2013,16,70.9749198182658,Very low,Very low
SWE,2014,16,71.2977242921285,Very low,Very low
SWE,2015,16,71.4660524557228,Very low,Very low
SWE,2016,16,70.7109467172545,Very low,Very low
SWE,2017,16,70.5993075390471,Very low,Very low
SWE,2018,16,70.1426277779739,Very low,Very low
SWE,2019,16,69.9454434763635,Very low,Very low
SWE,2020,16,69.7961436045635,Very low,Very low
SWE,2021,16,70.1402782651065,Very low,Very low
SWE,2022,16,69.8566003079161,Very low,Very low
SWE,2023,16,69.8566003079161,Very low,Very low
SWE,2024,16,69.8566003079161,Very low,Very low
SWE,2025,16,69.8566003079161,Very low,Very low
SWZ,1995,31,42.8647371520565,Low,High
SWZ,1996,31,42.9036654556067,Low,High
SWZ,1997,31,43.0514839693608,Low,High
SWZ,1998,31,43.0205405753681,Low,High
SWZ,1999,31,43.0649694215801,Low,High
SWZ,2000,31,43.0080664816234,Low,High
SWZ,2001,31,42.6269177352216,Low,High
SWZ,2002,31,42.7110471384432,Low,High
SWZ,2003,31,42.9324042380435,Low,High
SWZ,2004,31,42.7435952216502,Low,High
SWZ,2005,31,43.7283344849281,Low,High
SWZ,2006,31,40.9520465169623,Low,High
SWZ,2007,31,41.1419923791236,Low,High
SWZ,2008,31,41.4612530524672,Low,High
SWZ,2009,31,41.4282009754325,Low,High
SWZ,2010,31,40.7491303541701,Low,High
SWZ,2011,31,40.414974744663,Low,High
SWZ,2012,31,40.5274761577879,Low,High
SWZ,2013,31,41.0770735477559,Low,High
SWZ,2014,31,41.504147162895,Low,High
SWZ,2015,31,41.5141698823959,Low,High
SWZ,2016,31,42.2602024725251,Low,High
SWZ,2017,31,43.3434133313657,Low,High
SWZ,2018,31,42.5631030763534,Low,High
SWZ,2019,31,42.6216012669997,Low,High
SWZ,2020,31,42.9848161448461,Low,High
SWZ,2021,31,42.2194951670516,Low,High
SWZ,2022,31,42.5584933517936,Low,High
SWZ,2023,30,42.5584933517936,Low,High
SWZ,2024,30,42.5584933517936,Low,High
SWZ,2025,30,42.5584933517936,Low,High
SYC,1995,27,47.6211802780027,Low,Medium
SYC,1996,27,48.1806579750956,Low,Medium
SYC,1997,27,48.1999593185459,Low,Medium
SYC,1998,27,48.4479690211462,Low,Medium
SYC,1999,27,48.8141040789396,Low,Medium
SYC,2000,27,49.4110744450419,Low,Medium
SYC,2001,27,49.0063075118425,Low,Medium
SYC,2002,27,48.7090399294589,Low,Medium
SYC,2003,27,48.877442818519,Low,Medium
SYC,2004,27,47.7152509951902,Low,Medium
SYC,2005,27,49.4597315954283,Low,Medium
SYC,2006,27,48.012229905371,Low,Medium
SYC,2007,27,48.2383598773468,Low,Medium
SYC,2008,27,48.3775866308288,Low,Medium
SYC,2009,27,48.4311450533525,Low,Medium
SYC,2010,27,47.8650386783888,Low,Medium
SYC,2011,27,47.5855762259165,Low,Medium
SYC,2012,27,47.8007989048131,Low,Medium
SYC,2013,27,48.0046274059209,Low,Medium
SYC,2014,27,48.6135547809916,Low,Medium
SYC,2015,27,49.8808614983031,Low,Medium
SYC,2016,27,49.4415745325306,Low,Medium
SYC,2017,27,50.6067269061419,Low,Low
SYC,2018,26,50.5026330065019,Low,Low
SYC,2019,26,50.9650079616331,Low,Low
SYC,2020,25,51.2048993719071,Low,Low
SYC,2021,25,51.5235115146053,Low,Low
SYC,2022,25,52.0780758547574,Low,Low
SYC,2023,25,52.0780758547574,Low,Low
SYC,2024,24,52.0780758547574,Low,Low
SYC,2025,24,52.0780758547574,Low,Low
SYR,1995,51,43.2992928620214,High,High
SYR,1996,51,43.4044651821334,High,High
SYR,1997,51,43.5735311456719,High,High
SYR,1998,51,43.6766224788389,High,High
SYR,1999,51,43.7702224354229,High,High
SYR,2000,51,44.0108254345549,High,High
SYR,2001,51,44.3413909320016,High,High
SYR,2002,51,44.6953781956752,High,High
SYR,2003,51,44.3314515549066,High,High
SYR,2004,51,44.1741809180442,High,High
SYR,2005,51,43.8589349017003,High,High
SYR,2006,51,43.0980238705462,High,High
SYR,2007,51,43.3043426947561,High,High
SYR,2008,51,43.1333705746378,High,High
SYR,2009,51,44.0547480148118,High,High
SYR,2010,51,43.8004676966925,High,High
SYR,2011,51,42.5964154543316,High,High
SYR,2012,51,41.1484099398302,High,High
SYR,2013,51,40.3458001562016,High,High
SYR,2014,51,39.6802877219644,High,Very high
SYR,2015,51,39.1004012590291,High,Very high
SYR,2016,51,38.9950794543469,High,Very high
SYR,2017,51,38.3174744757135,High,Very high
SYR,2018,51,38.3927815607507,High,Very high
SYR,2019,51,38.4379885034418,High,Very high
SYR,2020,51,38.4012953952841,High,Very high
SYR,2021,51,38.6484553781936,High,Very high
SYR,2022,51,38.4847019998233,High,Very high
SYR,2023,52,38.4847019998233,High,Very high
SYR,2024,52,38.4847019998233,High,Very high
SYR,2025,52,38.4847019998233,High,Very high
TCD,1995,59,29.95351353535,High,Very high
TCD,1996,59,29.9550449497733,High,Very high
TCD,1997,59,29.8856149736038,High,Very high
TCD,1998,59,29.8849039014875,High,Very high
TCD,1999,59,30.0278434175558,High,Very high
TCD,2000,59,30.1762187522351,High,Very high
TCD,2001,59,30.0965112346509,High,Very high
TCD,2002,59,30.0796198628531,High,Very high
TCD,2003,59,28.7774167545999,High,Very high
TCD,2004,59,29.3207710277002,High,Very high
TCD,2005,59,28.3912465883737,High,Very high
TCD,2006,59,26.0685447460323,High,Very high
TCD,2007,59,26.2999851672001,High,Very high
TCD,2008,59,25.9459755726934,High,Very high
TCD,2009,59,26.1790840077988,High,Very high
TCD,2010,59,25.8296348760792,High,Very high
TCD,2011,59,25.5966159101818,High,Very high
TCD,2012,59,26.055082316874,High,Very high
TCD,2013,59,26.2789436751065,High,Very high
TCD,2014,59,26.144311886356,High,Very high
TCD,2015,59,26.0248240029863,High,Very high
TCD,2016,59,26.336244753038,High,Very high
TCD,2017,58,26.6747524461385,High,Very high
TCD,2018,59,26.7278750611864,High,Very high
TCD,2019,60,26.8595776223643,High,Very high
TCD,2020,60,27.236618770522,High,Very high
TCD,2021,59,27.0480699043476,High,Very high
TCD,2022,58,27.1553068161871,High,Very high
TCD,2023,58,27.1553068161871,High,Very high
TCD,2024,59,27.1553068161871,High,Very high
TCD,2025,59,27.1553068161871,High,Very high
TGO,1995,45,38.4807680654772,Medium,Very high
TGO,1996,45,38.5148164251559,Medium,Very high
TGO,1997,45,38.4343923279487,Medium,Very high
TGO,1998,45,38.402578328052,Medium,Very high
TGO,1999,45,38.5549279652663,Medium,Very high
TGO,2000,45,38.8193695136323,Medium,Very high
TGO,2001,45,38.9453954314217,Medium,Very high
TGO,2002,45,39.1089164670876,Medium,Very high
TGO,2003,45,38.9382073454866,Medium,Very high
TGO,2004,45,38.6029233424703,Medium,Very high
TGO,2005,45,37.4721895312258,Medium,Very high
TGO,2006,45,36.7437547611791,Medium,Very high
TGO,2007,45,37.2104374065495,Medium,Very high
TGO,2008,45,37.2959237356402,Medium,Very high
TGO,2009,45,36.9471606647522,Medium,Very high
TGO,2010,45,37.2876832821069,Medium,Very high
TGO,2011,45,37.4135267378621,Medium,Very high
TGO,2012,45,37.4302144841263,Medium,Very high
TGO,2013,45,37.4338988935565,Medium,Very high
TGO,2014,45,38.430580273078,Medium,Very high
TGO,2015,45,39.088920607809,Medium,Very high
TGO,2016,45,40.1740589072092,Medium,High
TGO,2017,44,39.9085017004432,Medium,Very high
TGO,2018,45,40.4400091224686,Medium,High
TGO,2019,45,41.3142047479465,Medium,High
TGO,2020,44,42.4209642949303,Medium,High
TGO,2021,44,42.7543916549027,Medium,High
TGO,2022,43,42.9550039904941,Medium,High
TGO,2023,43,42.9550039904941,Medium,High
TGO,2024,43,42.9550039904941,Medium,High
TGO,2025,43,42.9550039904941,Medium,High
THA,1995,46,48.4292361690411,Medium,Medium
THA,1996,46,48.4349871596765,Medium,Medium
THA,1997,46,48.7623811027388,Medium,Medium
THA,1998,46,49.2102708079017,Medium,Medium
THA,1999,46,49.4693774233715,Medium,Medium
THA,2000,46,49.5677537376416,Medium,Medium
THA,2001,46,49.6132501061736,Medium,Medium
THA,2002,46,49.6798054237103,Medium,Medium
THA,2003,46,49.5658998326913,Medium,Medium
THA,2004,46,49.1099956419674,Medium,Medium
THA,2005,46,49.5738630036014,Medium,Medium
THA,2006,46,49.2380750270005,Medium,Medium
THA,2007,46,49.2748836646366,Medium,Medium
THA,2008,46,49.4970114463059,Medium,Medium
THA,2009,46,50.190184907046,Medium,Low
THA,2010,46,50.4522370203833,Medium,Low
THA,2011,46,50.5282919618341,Medium,Low
THA,2012,46,50.7969222505863,Medium,Low
THA,2013,46,51.2314633955729,Medium,Low
THA,2014,46,52.1250374233871,Medium,Low
THA,2015,46,51.934376757346,Medium,Low
THA,2016,46,51.5795103232516,Medium,Low
THA,2017,46,51.7126734488251,Medium,Low
THA,2018,46,52.1833362846342,Medium,Low
THA,2019,46,52.7807389591817,Medium,Low
THA,2020,45,53.4725000529007,Medium,Low
THA,2021,45,53.660575301002,Medium,Low
THA,2022,45,53.9278986659618,Medium,Low
THA,2023,45,53.9278986659618,Medium,Low
THA,2024,45,53.9278986659618,Medium,Low
THA,2025,45,53.9278986659618,Medium,Low
TJK,1995,50,42.4545814016229,High,High
TJK,1996,50,42.46613470756,High,High
TJK,1997,50,42.512246133925,High,High
TJK,1998,50,42.6855419215904,High,High
TJK,1999,50,42.9423029332358,High,High
TJK,2000,50,43.2948026386275,High,High
TJK,2001,50,43.0959448341262,High,High
TJK,2002,50,44.3360942743926,High,High
TJK,2003,50,44.3435323548434,High,High
TJK,2004,50,43.9634344235721,High,High
TJK,2005,50,44.9544069692365,High,High
TJK,2006,50,41.5040236212554,High,High
TJK,2007,50,42.0030869133484,High,High
TJK,2008,50,42.3860977311441,High,High
TJK,2009,50,42.4135724134457,High,High
TJK,2010,50,41.912493763176,High,High
TJK,2011,50,42.0085405134442,High,High
TJK,2012,50,42.0569687785699,High,High
TJK,2013,50,42.3855597095045,High,High
TJK,2014,50,43.5852122196869,High,High
TJK,2015,50,43.9210656901145,High,High
TJK,2016,50,45.8513070742743,High,Medium
TJK,2017,50,46.8763200601415,High,Medium
TJK,2018,51,48.1612584003012,High,Medium
TJK,2019,51,48.4399925115335,High,Medium
TJK,2020,50,48.0162978231137,High,Medium
TJK,2021,50,47.7495130508942,High,Medium
TJK,2022,50,47.6465532879409,High,Medium
TJK,2023,50,47.6465532879409,High,Medium
TJK,2024,50,47.6465532879409,High,Medium
TJK,2025,50,47.6465532879409,High,Medium
TKM,1995,47,43.072825829083,Medium,High
TKM,1996,47,43.1220430525804,Medium,High
TKM,1997,47,42.6890272466437,Medium,High
TKM,1998,47,42.6010212664658,Medium,High
TKM,1999,47,42.3565538278676,Medium,High
TKM,2000,47,42.4113514697442,Medium,High
TKM,2001,47,42.5425724862744,Medium,High
TKM,2002,47,42.5985544662715,Medium,High
TKM,2003,47,42.7412565918158,Medium,High
TKM,2004,47,41.6688360060885,Medium,High
TKM,2005,47,41.8940057268945,Medium,High
TKM,2006,47,41.1332504812377,Medium,High
TKM,2007,47,41.9540218094011,Medium,High
TKM,2008,47,42.6148809626757,Medium,High
TKM,2009,47,42.7103808266561,Medium,High
TKM,2010,47,42.6309751172181,Medium,High
TKM,2011,47,42.6118790171234,Medium,High
TKM,2012,47,43.0689134003906,Medium,High
TKM,2013,47,42.9798347389886,Medium,High
TKM,2014,47,43.0666767829039,Medium,High
TKM,2015,47,42.9185617195862,Medium,High
TKM,2016,47,42.6021675817353,Medium,High
TKM,2017,47,42.9746259765824,Medium,High
TKM,2018,48,43.136297629284,Medium,High
TKM,2019,48,43.1060099134287,Medium,High
TKM,2020,48,43.0431626314718,Medium,High
TKM,2021,48,42.9759238032359,Medium,High
TKM,2022,48,43.3296711612162,Medium,High
TKM,2023,48,43.3296711612162,Medium,High
TKM,2024,49,43.3296711612162,Medium,High
TKM,2025,49,43.3296711612162,Medium,High
TLS,1995,43,41.0500469513753,Medium,High
TLS,1996,43,41.0400570152267,Medium,High
TLS,1997,43,41.0328029004959,Medium,High
TLS,1998,43,41.0279707271591,Medium,High
TLS,1999,43,41.0254052250958,Medium,High
TLS,2000,43,41.0228223140249,Medium,High
TLS,2001,43,41.0178955842238,Medium,High
TLS,2002,43,41.011242436405,Medium,High
TLS,2003,43,41.0216306662538,Medium,High
TLS,2004,43,40.070543457745,Medium,High
TLS,2005,43,36.875349072347,Medium,Very high
TLS,2006,43,35.5095281013269,Medium,Very high
TLS,2007,43,35.4620735752823,Medium,Very high
TLS,2008,43,36.2615027013482,Medium,Very high
TLS,2009,43,37.3779720298212,Medium,Very high
TLS,2010,43,39.6113103792872,Medium,Very high
TLS,2011,43,40.3357673055081,Medium,High
TLS,2012,43,40.6768412842009,Medium,High
TLS,2013,43,41.0511842075036,Medium,High
TLS,2014,43,41.6024926713145,Medium,High
TLS,2015,43,42.327427249721,Medium,High
TLS,2016,43,42.0393021615463,Medium,High
TLS,2017,43,41.8590117909215,Medium,High
TLS,2018,43,41.3765448029143,Medium,High
TLS,2019,43,41.5869186498358,Medium,High
TLS,2020,43,40.9503966441867,Medium,High
TLS,2021,42,41.0885581105103,Medium,High
TLS,2022,42,41.2796598644044,Medium,High
TLS,2023,41,41.2796598644044,Medium,High
TLS,2024,41,41.2796598644044,Medium,High
TLS,2025,41,41.2796598644044,Medium,High
TON,1995,41,38.042753013533,Medium,Very high
TON,1996,41,38.1781742461632,Medium,Very high
TON,1997,41,38.2283110243382,Medium,Very high
TON,1998,41,38.3915635531735,Medium,Very high
TON,1999,41,38.4229028144403,Medium,Very high
TON,2000,41,38.5619946144187,Medium,Very high
TON,2001,41,37.8257543929935,Medium,Very high
TON,2002,41,38.0842469403524,Medium,Very high
TON,2003,41,37.3082834116202,Medium,Very high
TON,2004,41,36.5301703526088,Medium,Very high
TON,2005,41,35.7722232232588,Medium,Very high
TON,2006,41,36.3188807219169,Medium,Very high
TON,2007,41,37.3634636295196,Medium,Very high
TON,2008,41,36.8957520813832,Medium,Very high
TON,2009,41,38.7259401933685,Medium,Very high
TON,2010,41,38.5767192580947,Medium,Very high
TON,2011,41,39.7965332669075,Medium,Very high
TON,2012,41,38.7566598117592,Medium,Very high
TON,2013,41,39.9472485249838,Medium,Very high
TON,2014,41,39.6701667684861,Medium,Very high
TON,2015,41,39.6889784940017,Medium,Very high
TON,2016,41,39.5319639429468,Medium,Very high
TON,2017,41,39.8790558197195,Medium,Very high
TON,2018,40,40.6176200673511,Medium,High
TON,2019,39,40.3746811603881,Medium,High
TON,2020,39,40.9681820353897,Medium,High
TON,2021,39,41.1288040802757,Medium,High
TON,2022,39,41.2499996687599,Medium,High
TON,2023,40,41.2499996687599,Medium,High
TON,2024,40,41.2499996687599,Medium,High
TON,2025,40,41.2499996687599,Medium,High
TTO,1995,33,50.3325973462452,Low,Low
TTO,1996,33,50.0814226811905,Low,Low
TTO,1997,33,50.4104741267769,Low,Low
TTO,1998,33,50.4901428374098,Low,Low
TTO,1999,33,50.2353870590105,Low,Low
TTO,2000,33,50.0493661976309,Low,Low
TTO,2001,33,49.8768282617505,Low,Medium
TTO,2002,33,49.9487473377787,Low,Medium
TTO,2003,33,49.7656226465579,Low,Medium
TTO,2004,33,49.9424010450187,Low,Medium
TTO,2005,33,50.9457002871862,Low,Low
TTO,2006,33,46.9336552242603,Low,Medium
TTO,2007,33,47.2612789133763,Low,Medium
TTO,2008,33,47.2298139277528,Low,Medium
TTO,2009,33,47.0573387959423,Low,Medium
TTO,2010,33,47.5303286179609,Low,Medium
TTO,2011,33,47.9100321865804,Low,Medium
TTO,2012,33,48.2373484990512,Low,Medium
TTO,2013,33,48.5888923709183,Low,Medium
TTO,2014,33,49.0589101024962,Low,Medium
TTO,2015,33,49.2288331392978,Low,Medium
TTO,2016,33,48.9263791932371,Low,Medium
TTO,2017,33,49.0093928706737,Low,Medium
TTO,2018,32,48.7820382752609,Low,Medium
TTO,2019,33,48.146419688565,Low,Medium
TTO,2020,32,48.075218592052,Low,Medium
TTO,2021,33,48.1418249496427,Low,Medium
TTO,2022,33,48.1836262851863,Low,Medium
TTO,2023,33,48.1836262851863,Low,Medium
TTO,2024,33,48.1836262851863,Low,Medium
TTO,2025,33,48.1836262851863,Low,Medium
TUN,1995,41,49.6315498960216,Medium,Medium
TUN,1996,41,49.8578268849641,Medium,Medium
TUN,1997,41,49.9633634889836,Medium,Medium
TUN,1998,41,49.9897383975847,Medium,Medium
TUN,1999,41,50.2128819875833,Medium,Low
TUN,2000,41,50.4611554749899,Medium,Low
TUN,2001,41,50.6077387956007,Medium,Low
TUN,2002,41,51.0325281513888,Medium,Low
TUN,2003,41,51.2651221408156,Medium,Low
TUN,2004,41,51.5573534103184,Medium,Low
TUN,2005,41,51.7609154949479,Medium,Low
TUN,2006,41,52.931785920771,Medium,Low
TUN,2007,41,53.0169696505519,Medium,Low
TUN,2008,41,53.1097152707849,Medium,Low
TUN,2009,41,53.5272514393821,Medium,Low
TUN,2010,41,53.3736666799263,Medium,Low
TUN,2011,41,53.4052882083433,Medium,Low
TUN,2012,41,53.1330734021515,Medium,Low
TUN,2013,41,52.8418763634371,Medium,Low
TUN,2014,41,53.4446749777891,Medium,Low
TUN,2015,41,53.0233476129656,Medium,Low
TUN,2016,41,52.404860554138,Medium,Low
TUN,2017,41,52.439818343213,Medium,Low
TUN,2018,41,52.2520319322926,Medium,Low
TUN,2019,40,52.6554917563491,Medium,Low
TUN,2020,40,53.1907602053168,Medium,Low
TUN,2021,41,52.8918258416499,Medium,Low
TUN,2022,40,53.0326039450373,Medium,Low
TUN,2023,41,53.0326039450373,Medium,Low
TUN,2024,41,53.0326039450373,Medium,Low
TUN,2025,41,53.0326039450373,Medium,Low
TUR,1995,40,46.8034106722892,Medium,Medium
TUR,1996,40,46.9279254450318,Medium,Medium
TUR,1997,40,47.1125165735555,Medium,Medium
TUR,1998,40,47.2307107576939,Medium,Medium
TUR,1999,40,47.5900976590366,Medium,Medium
TUR,2000,40,47.8826783363775,Medium,Medium
TUR,2001,40,47.8650994332386,Medium,Medium
TUR,2002,40,47.858065269744,Medium,Medium
TUR,2003,40,48.5445165912926,Medium,Medium
TUR,2004,40,48.7930983250246,Medium,Medium
TUR,2005,40,50.1245165911328,Medium,Low
TUR,2006,40,50.3370032443143,Medium,Low
TUR,2007,40,50.9916339734042,Medium,Low
TUR,2008,40,51.6428392063501,Medium,Low
TUR,2009,40,51.8334206008078,Medium,Low
TUR,2010,40,52.4225431125509,Medium,Low
TUR,2011,40,52.7280553496402,Medium,Low
TUR,2012,40,53.1747933196299,Medium,Low
TUR,2013,40,53.8980624711217,Medium,Low
TUR,2014,40,54.7795723212565,Medium,Low
TUR,2015,40,54.7500251029158,Medium,Low
TUR,2016,40,53.8764505388888,Medium,Low
TUR,2017,40,54.676194944029,Medium,Low
TUR,2018,40,54.8470653545356,Medium,Low
TUR,2019,40,55.6829752128763,Medium,Low
TUR,2020,40,56.2758399194168,Medium,Low
TUR,2021,40,56.5216502933813,Medium,Low
TUR,2022,40,56.4518855089762,Medium,Low
TUR,2023,40,56.4518855089762,Medium,Low
TUR,2024,40,56.4518855089762,Medium,Low
TUR,2025,40,56.4518855089762,Medium,Low
TUV,1995,31,52.6918227348324,Low,Low
TUV,1996,31,52.7002819061228,Low,Low
TUV,1997,31,52.8057517654101,Low,Low
TUV,1998,31,53.1134797924534,Low,Low
TUV,1999,31,52.9557644788308,Low,Low
TUV,2000,31,53.0384608378827,Low,Low
TUV,2001,31,52.825779923632,Low,Low
TUV,2002,31,52.7310681637308,Low,Low
TUV,2003,31,52.6682635997204,Low,Low
TUV,2004,31,53.0354609554919,Low,Low
TUV,2005,31,51.1527704761448,Low,Low
TUV,2006,31,48.9628517362367,Low,Medium
TUV,2007,31,49.1572344690174,Low,Medium
TUV,2008,31,48.9894567565649,Low,Medium
TUV,2009,31,48.4005900285253,Low,Medium
TUV,2010,31,48.0885432873913,Low,Medium
TUV,2011,31,47.8208730020642,Low,Medium
TUV,2012,31,46.6137249916339,Low,Medium
TUV,2013,31,44.749786983496,Low,High
TUV,2014,31,47.7372563462713,Low,Medium
TUV,2015,31,47.3749919604857,Low,Medium
TUV,2016,31,48.7629166777821,Low,Medium
TUV,2017,30,48.051306809249,Low,Medium
TUV,2018,29,49.5026686980422,Low,Medium
TUV,2019,31,49.7026047935869,Low,Medium
TUV,2020,31,50.963774888728,Low,Low
TUV,2021,29,51.1674039365033,Low,Low
TUV,2022,29,52.1412067876694,Low,Low
TUV,2023,33,52.1412067876694,Low,Low
TUV,2024,32,52.1412067876694,Low,Low
TUV,2025,32,52.1412067876694,Low,Low
TZA,1995,50,38.6696817139148,High,Very high
TZA,1996,50,38.6290520500251,High,Very high
TZA,1997,50,38.6790918736291,High,Very high
TZA,1998,50,38.7501498853705,High,Very high
TZA,1999,50,38.7285727859108,High,Very high
TZA,2000,50,38.5821305506196,High,Very high
TZA,2001,50,38.7078801303858,High,Very high
TZA,2002,50,38.9383222806996,High,Very high
TZA,2003,50,38.7924507206002,High,Very high
TZA,2004,50,39.1312141887354,High,Very high
TZA,2005,50,38.744229550682,High,Very high
TZA,2006,50,38.0909396431457,High,Very high
TZA,2007,50,38.112471375971,High,Very high
TZA,2008,50,38.3528293014452,High,Very high
TZA,2009,50,38.4542015706427,High,Very high
TZA,2010,50,37.7657146982851,High,Very high
TZA,2011,50,37.9451555827502,High,Very high
TZA,2012,50,38.2321722544134,High,Very high
TZA,2013,50,38.3251585153582,High,Very high
TZA,2014,50,38.6135185170576,High,Very high
TZA,2015,50,38.8407052329966,High,Very high
TZA,2016,50,39.6613635293159,High,Very high
TZA,2017,50,39.478376523068,High,Very high
TZA,2018,50,39.4933945006346,High,Very high
TZA,2019,49,39.8002257614764,Medium,Very high
TZA,2020,49,39.8006336624298,Medium,Very high
TZA,2021,49,40.0037705161456,Medium,High
TZA,2022,48,40.3861963797354,Medium,High
TZA,2023,48,40.3861963797354,Medium,High
TZA,2024,48,40.3861963797354,Medium,High
TZA,2025,48,40.3861963797354,Medium,High
UGA,1995,53,36.4906712708284,High,Very high
UGA,1996,53,36.436560481923,High,Very high
UGA,1997,53,36.2382012592766,High,Very high
UGA,1998,53,36.2574597627715,High,Very high
UGA,1999,53,35.9578659986218,High,Very high
UGA,2000,53,35.7046329681408,High,Very high
UGA,2001,53,35.7941826703011,High,Very high
UGA,2002,53,36.0092694638798,High,Very high
UGA,2003,53,36.4408720470379,High,Very high
UGA,2004,53,36.2782592018383,High,Very high
UGA,2005,53,35.7825075398737,High,Very high
UGA,2006,53,35.1556300731657,High,Very high
UGA,2007,53,35.7267703918527,High,Very high
UGA,2008,53,35.9938401235969,High,Very high
UGA,2009,53,35.8088781471265,High,Very high
UGA,2010,53,35.5338564303869,High,Very high
UGA,2011,53,36.0300079744503,High,Very high
UGA,2012,53,35.8437298272028,High,Very high
UGA,2013,53,35.7718931454327,High,Very high
UGA,2014,53,36.3435785914598,High,Very high
UGA,2015,53,36.5294366801513,High,Very high
UGA,2016,53,38.0814908789726,High,Very high
UGA,2017,52,38.5046062383255,High,Very high
UGA,2018,52,38.6289255958858,High,Very high
UGA,2019,52,38.4324074296459,High,Very high
UGA,2020,52,38.0680999383237,High,Very high
UGA,2021,52,37.9435454239419,High,Very high
UGA,2022,51,37.8932649244703,High,Very high
UGA,2023,51,37.8932649244703,High,Very high
UGA,2024,51,37.8932649244703,High,Very high
UGA,2025,51,37.8932649244703,High,Very high
UKR,1995,35,47.111645592858,Medium,Medium
UKR,1996,35,46.8721946694191,Medium,Medium
UKR,1997,35,47.4261380493004,Medium,Medium
UKR,1998,35,47.7617240178806,Medium,Medium
UKR,1999,35,48.1953106895177,Medium,Medium
UKR,2000,35,48.4736901071716,Medium,Medium
UKR,2001,35,49.4021084557633,Medium,Medium
UKR,2002,35,47.4327116108641,Medium,Medium
UKR,2003,35,47.8224612681971,Medium,Medium
UKR,2004,35,49.282475540925,Medium,Medium
UKR,2005,35,49.0793930896523,Medium,Medium
UKR,2006,35,46.726988162762,Medium,Medium
UKR,2007,35,47.3972417957336,Medium,Medium
UKR,2008,35,47.3827979422607,Medium,Medium
UKR,2009,35,46.9222315471107,Medium,Medium
UKR,2010,35,47.0245899150169,Medium,Medium
UKR,2011,35,47.32803165498,Medium,Medium
UKR,2012,35,47.69172794073,Medium,Medium
UKR,2013,35,48.3705898963818,Medium,Medium
UKR,2014,35,50.1709747938114,Medium,Low
UKR,2015,35,50.5327253109904,Medium,Low
UKR,2016,35,52.4222866996806,Medium,Low
UKR,2017,35,52.5458983905605,Medium,Low
UKR,2018,35,52.8433283835964,Medium,Low
UKR,2019,34,53.4046799015129,Low,Low
UKR,2020,34,53.3592873524707,Low,Low
UKR,2021,34,53.2520522014151,Low,Low
UKR,2022,34,52.3395711016426,Low,Low
UKR,2023,34,52.3395711016426,Low,Low
UKR,2024,34,52.3395711016426,Low,Low
UKR,2025,34,52.3395711016426,Low,Low
URY,1995,20,48.6097714470892,Low,Medium
URY,1996,20,48.6426657161094,Low,Medium
URY,1997,20,48.9143264001216,Low,Medium
URY,1998,20,49.0858680357351,Low,Medium
URY,1999,20,48.8002159776998,Low,Medium
URY,2000,20,48.9168812721319,Low,Medium
URY,2001,20,49.0173289231117,Low,Medium
URY,2002,20,48.9008591159222,Low,Medium
URY,2003,20,48.9235199830666,Low,Medium
URY,2004,20,48.1859356314498,Low,Medium
URY,2005,20,48.3895905711179,Low,Medium
URY,2006,20,48.224665479949,Low,Medium
URY,2007,20,49.1514607544444,Low,Medium
URY,2008,20,49.3435970096562,Low,Medium
URY,2009,20,49.9631417004937,Low,Medium
URY,2010,20,50.7928041462698,Low,Low
URY,2011,20,50.8915609274122,Low,Low
URY,2012,20,51.866765439444,Low,Low
URY,2013,20,52.8502561688753,Low,Low
URY,2014,20,53.8692847168235,Low,Low
URY,2015,20,53.6512776025134,Low,Low
URY,2016,20,53.5174673790925,Low,Low
URY,2017,20,53.5917002661481,Low,Low
URY,2018,20,54.1789147391427,Low,Low
URY,2019,20,54.4458558589506,Low,Low
URY,2020,21,54.9283776177911,Low,Low
URY,2021,21,55.9850534418073,Low,Low
URY,2022,20,56.1659997257248,Low,Low
URY,2023,19,56.1659997257248,Very low,Low
URY,2024,21,56.1659997257248,Low,Low
URY,2025,21,56.1659997257248,Low,Low
USA,1995,36,65.547028634615,Medium,Very low
USA,1996,36,65.6169898545466,Medium,Very low
USA,1997,36,65.5471264287262,Medium,Very low
USA,1998,36,65.5563053811284,Medium,Very low
USA,1999,36,65.8499652812462,Medium,Very low
USA,2000,36,66.2308729464475,Medium,Very low
USA,2001,36,66.1162041150241,Medium,Very low
USA,2002,36,66.0880153984779,Medium,Very low
USA,2003,36,65.9298025933682,Medium,Very low
USA,2004,36,65.793059993954,Medium,Very low
USA,2005,36,66.9234236887653,Medium,Very low
USA,2006,36,70.6970087033369,Medium,Very low
USA,2007,36,70.7803877927687,Medium,Very low
USA,2008,36,71.2707716567454,Medium,Very low
USA,2009,36,70.9290527692646,Medium,Very low
USA,2010,36,72.3909473658541,Medium,Very low
USA,2011,36,72.5307402000559,Medium,Very low
USA,2012,36,72.8157838959342,Medium,Very low
USA,2013,36,72.8320627778667,Medium,Very low
USA,2014,36,69.5992768599283,Medium,Very low
USA,2015,36,69.5129886161136,Medium,Very low
USA,2016,36,68.8914332118757,Medium,Very low
USA,2017,35,68.9948901115879,Medium,Very low
USA,2018,35,68.7069644379889,Medium,Very low
USA,2019,35,67.9711445920381,Medium,Very low
USA,2020,35,67.5985641575252,Medium,Very low
USA,2021,35,67.7811686872732,Medium,Very low
USA,2022,35,67.6557305259631,Medium,Very low
USA,2023,35,67.6557305259631,Medium,Very low
USA,2024,35,67.6557305259631,Medium,Very low
USA,2025,35,67.6557305259631,Medium,Very low
UZB,1995,45,46.5602566508924,Medium,Medium
UZB,1996,45,46.491653506163,Medium,Medium
UZB,1997,45,46.2857445915671,Medium,Medium
UZB,1998,45,46.1005217089652,Medium,Medium
UZB,1999,45,46.2542325503667,Medium,Medium
UZB,2000,45,46.361414929805,Medium,Medium
UZB,2001,45,47.0528484324185,Medium,Medium
UZB,2002,45,47.65595429185,Medium,Medium
UZB,2003,45,47.4901893511013,Medium,Medium
UZB,2004,45,46.500456454524,Medium,Medium
UZB,2005,45,45.1957904652554,Medium,Medium
UZB,2006,45,43.5271796833683,Medium,High
UZB,2007,45,44.3005499616259,Medium,High
UZB,2008,45,44.945598512937,Medium,High
UZB,2009,45,44.8786992277026,Medium,High
UZB,2010,45,44.3630945237896,Medium,High
UZB,2011,45,44.2675974656757,Medium,High
UZB,2012,45,44.7623229899257,Medium,High
UZB,2013,45,45.42686218252,Medium,Medium
UZB,2014,45,46.7005372948554,Medium,Medium
UZB,2015,45,47.1280277739565,Medium,Medium
UZB,2016,45,49.1114888730018,Medium,Medium
UZB,2017,45,49.5898341298068,Medium,Medium
UZB,2018,45,51.4381269866596,Medium,Low
UZB,2019,44,51.8543729671309,Medium,Low
UZB,2020,44,51.8445247882738,Medium,Low
UZB,2021,43,52.9714302612047,Medium,Low
UZB,2022,43,53.4716551518818,Medium,Low
UZB,2023,43,53.4716551518818,Medium,Low
UZB,2024,42,53.4716551518818,Medium,Low
UZB,2025,42,53.4716551518818,Medium,Low
VCT,1995,34,48.1586203017498,Low,Medium
VCT,1996,34,48.2177365193476,Low,Medium
VCT,1997,34,48.3903727410705,Low,Medium
VCT,1998,34,48.5820794489092,Low,Medium
VCT,1999,34,48.9145996095227,Low,Medium
VCT,2000,34,49.1581409966629,Low,Medium
VCT,2001,34,49.2463665333446,Low,Medium
VCT,2002,34,48.6474590154243,Low,Medium
VCT,2003,34,49.4433554606513,Low,Medium
VCT,2004,34,49.8642894380522,Low,Medium
VCT,2005,34,52.7877305538196,Low,Low
VCT,2006,34,51.571081126281,Low,Low
VCT,2007,34,50.9709300154562,Low,Low
VCT,2008,34,51.5358291966121,Low,Low
VCT,2009,34,51.811943655013,Low,Low
VCT,2010,34,51.9132082565146,Low,Low
VCT,2011,34,51.8983227474156,Low,Low
VCT,2012,34,52.4439658887956,Low,Low
VCT,2013,34,52.6912242158006,Low,Low
VCT,2014,34,52.9742177433968,Low,Low
VCT,2015,34,53.0827382118586,Low,Low
VCT,2016,34,52.5636142800097,Low,Low
VCT,2017,33,51.931526838782,Low,Low
VCT,2018,33,52.3509539489834,Low,Low
VCT,2019,33,52.3767506048901,Low,Low
VCT,2020,33,52.5851901141794,Low,Low
VCT,2021,33,52.5590213971245,Low,Low
VCT,2022,33,52.7524001465054,Low,Low
VCT,2023,32,52.7524001465054,Low,Low
VCT,2024,32,52.7524001465054,Low,Low
VCT,2025,32,52.7524001465054,Low,Low
VEN,1995,48,45.7535570839787,Medium,Medium
VEN,1996,48,45.6886479265168,Medium,Medium
VEN,1997,48,45.7897798084355,Medium,Medium
VEN,1998,48,45.7385774074422,Medium,Medium
VEN,1999,48,45.8044640250433,Medium,Medium
VEN,2000,48,45.8798836735307,Medium,Medium
VEN,2001,48,45.4545783592064,Medium,Medium
VEN,2002,48,44.6878189395059,Medium,High
VEN,2003,48,44.1858235370702,Medium,High
VEN,2004,48,44.4319318922048,Medium,High
VEN,2005,48,44.7129499180341,Medium,High
VEN,2006,48,43.4686590372716,Medium,High
VEN,2007,48,43.359856141528,Medium,High
VEN,2008,48,43.4394984787218,Medium,High
VEN,2009,48,43.0036048477234,Medium,High
VEN,2010,48,42.3586821005608,Medium,High
VEN,2011,48,42.4510359964416,Medium,High
VEN,2012,48,42.3437579449854,Medium,High
VEN,2013,48,42.2373298005721,Medium,High
VEN,2014,48,41.8258833680016,Medium,High
VEN,2015,48,41.5103762039493,Medium,High
VEN,2016,48,41.9602248599226,Medium,High
VEN,2017,47,41.5217374371229,Medium,High
VEN,2018,48,40.8440948579747,Medium,High
VEN,2019,49,40.8871840574235,Medium,High
VEN,2020,50,40.5712970522933,High,High
VEN,2021,51,40.6537603155718,High,High
VEN,2022,51,41.0392065474911,High,High
VEN,2023,50,41.0392065474911,High,High
VEN,2024,51,41.0392065474911,High,High
VEN,2025,51,41.0392065474911,High,High
VNM,1995,52,41.8931962702867,High,High
VNM,1996,52,42.0069362295003,High,High
VNM,1997,52,42.0466232814964,High,High
VNM,1998,52,42.1392604786419,High,High
VNM,1999,52,42.2308497122597,High,High
VNM,2000,52,42.5420913914209,High,High
VNM,2001,52,42.4142022711253,High,High
VNM,2002,52,42.2724991320097,High,High
VNM,2003,52,42.3561385254521,High,High
VNM,2004,52,42.4558052244998,High,High
VNM,2005,52,43.6625463840835,High,High
VNM,2006,52,44.1543394994252,High,High
VNM,2007,52,44.5270711001132,High,High
VNM,2008,52,44.6322126320906,High,High
VNM,2009,52,44.6146972530741,High,High
VNM,2010,52,43.9409975383631,High,High
VNM,2011,52,44.6207180431383,High,High
VNM,2012,52,44.7656243602518,High,High
VNM,2013,52,45.3970000045018,High,Medium
VNM,2014,52,46.0885767049502,High,Medium
VNM,2015,52,46.177946960676,High,Medium
VNM,2016,52,47.0612907406175,High,Medium
VNM,2017,52,47.1551394753778,High,Medium
VNM,2018,51,47.5845124371788,High,Medium
VNM,2019,51,47.8101690597412,High,Medium
VNM,2020,50,48.0560601741341,High,Medium
VNM,2021,50,48.4627447504661,High,Medium
VNM,2022,49,48.7044326889911,Medium,Medium
VNM,2023,49,48.7044326889911,Medium,Medium
VNM,2024,49,48.7044326889911,Medium,Medium
VNM,2025,49,48.7044326889911,Medium,Medium
VUT,1995,54,37.3219049675837,High,Very high
VUT,1996,54,37.3696456437658,High,Very high
VUT,1997,54,37.470527452525,High,Very high
VUT,1998,54,37.5791568302026,High,Very high
VUT,1999,54,37.8995497134239,High,Very high
VUT,2000,54,38.3058697224693,High,Very high
VUT,2001,54,38.5062175190031,High,Very high
VUT,2002,54,37.9877320279138,High,Very high
VUT,2003,54,38.6648065465922,High,Very high
VUT,2004,54,37.4945347341229,High,Very high
VUT,2005,54,38.4920872763597,High,Very high
VUT,2006,54,38.6769395659151,High,Very high
VUT,2007,54,39.1849808569919,High,Very high
VUT,2008,54,39.1456352131172,High,Very high
VUT,2009,54,38.5898410930462,High,Very high
VUT,2010,54,38.0125602744199,High,Very high
VUT,2011,54,38.3679301466799,High,Very high
VUT,2012,54,37.8122136763851,High,Very high
VUT,2013,54,37.6363920943923,High,Very high
VUT,2014,54,38.562308404489,High,Very high
VUT,2015,54,37.7657141602753,High,Very high
VUT,2016,54,39.0191487496694,High,Very high
VUT,2017,54,39.4958853633421,High,Very high
VUT,2018,51,39.443495032233,High,Very high
VUT,2019,51,39.5182393693446,High,Very high
VUT,2020,50,41.0128082208897,High,High
VUT,2021,50,41.2779094716171,High,High
VUT,2022,51,41.246683635024,High,High
VUT,2023,51,41.246683635024,High,High
VUT,2024,51,41.246683635024,High,High
VUT,2025,51,41.246683635024,High,High
WSM,1995,35,43.1010258958574,Medium,High
WSM,1996,35,43.1426409998757,Medium,High
WSM,1997,35,43.1951472081863,Medium,High
WSM,1998,35,43.2416517557479,Medium,High
WSM,1999,35,43.3264884456394,Medium,High
WSM,2000,35,43.1570094893786,Medium,High
WSM,2001,35,43.2798857728621,Medium,High
WSM,2002,35,42.9091912132701,Medium,High
WSM,2003,35,42.5999738942216,Medium,High
WSM,2004,35,42.2216018755204,Medium,High
WSM,2005,35,42.9292830644456,Medium,High
WSM,2006,35,44.1937943686299,Medium,High
WSM,2007,35,43.9468754654198,Medium,High
WSM,2008,35,44.384945003461,Medium,High
WSM,2009,35,43.7632825235756,Medium,High
WSM,2010,35,44.5478886186327,Medium,High
WSM,2011,35,44.6880548077005,Medium,High
WSM,2012,35,45.6118867648404,Medium,Medium
WSM,2013,35,44.9782691248048,Medium,High
WSM,2014,35,46.3667194550112,Medium,Medium
WSM,2015,35,46.2608316236123,Medium,Medium
WSM,2016,35,45.8896850622003,Medium,Medium
WSM,2017,35,46.8688166439711,Medium,Medium
WSM,2018,36,47.2757337600442,Medium,Medium
WSM,2019,36,47.4943336248712,Medium,Medium
WSM,2020,36,47.4103711890618,Medium,Medium
WSM,2021,35,47.0998692932829,Medium,Medium
WSM,2022,36,45.785698166968,Medium,Medium
WSM,2023,36,45.785698166968,Medium,Medium
WSM,2024,36,45.785698166968,Medium,Medium
WSM,2025,36,45.785698166968,Medium,Medium
YEM,1995,57,37.2290123202676,High,Very high
YEM,1996,57,37.2989963619972,High,Very high
YEM,1997,57,37.2176298388914,High,Very high
YEM,1998,57,37.2828869362449,High,Very high
YEM,1999,57,37.4127349359494,High,Very high
YEM,2000,57,37.4645494177796,High,Very high
YEM,2001,57,37.4136121671737,High,Very high
YEM,2002,57,37.480373678381,High,Very high
YEM,2003,57,37.6839697959827,High,Very high
YEM,2004,57,37.5105307218971,High,Very high
YEM,2005,57,38.0643045688414,High,Very high
YEM,2006,57,38.1262241400891,High,Very high
YEM,2007,57,38.4571517633171,High,Very high
YEM,2008,57,38.2473221254716,High,Very high
YEM,2009,57,38.9810424905504,High,Very high
YEM,2010,57,39.1213287049489,High,Very high
YEM,2011,57,38.665116236086,High,Very high
YEM,2012,57,38.9838765186237,High,Very high
YEM,2013,57,38.3005848149765,High,Very high
YEM,2014,57,37.539423177556,High,Very high
YEM,2015,57,36.8067483149469,High,Very high
YEM,2016,57,35.6947884262079,High,Very high
YEM,2017,58,36.498680339882,High,Very high
YEM,2018,57,35.9648154385183,High,Very high
YEM,2019,58,36.1718916162957,High,Very high
YEM,2020,58,36.1511355526213,High,Very high
YEM,2021,58,36.0397338755127,High,Very high
YEM,2022,58,36.1681690879114,High,Very high
YEM,2023,58,36.1681690879114,High,Very high
YEM,2024,58,36.1681690879114,High,Very high
YEM,2025,58,36.1681690879114,High,Very high
ZAF,1995,39,48.0525479229336,Medium,Medium
ZAF,1996,39,47.9925283792044,Medium,Medium
ZAF,1997,39,48.0218429853432,Medium,Medium
ZAF,1998,39,47.8874113074307,Medium,Medium
ZAF,1999,39,48.1007103815019,Medium,Medium
ZAF,2000,39,48.5941348134531,Medium,Medium
ZAF,2001,39,48.5499239394963,Medium,Medium
ZAF,2002,39,48.6264160671348,Medium,Medium
ZAF,2003,39,48.4508728124787,Medium,Medium
ZAF,2004,39,48.7072842170248,Medium,Medium
ZAF,2005,39,48.3006363578003,Medium,Medium
ZAF,2006,39,48.6008979041286,Medium,Medium
ZAF,2007,39,48.355805188133,Medium,Medium
ZAF,2008,39,48.2497118611196,Medium,Medium
ZAF,2009,39,48.2689747982764,Medium,Medium
ZAF,2010,39,47.7979041011704,Medium,Medium
ZAF,2011,39,47.8837755256271,Medium,Medium
ZAF,2012,39,48.0385062512675,Medium,Medium
ZAF,2013,39,48.6634441062276,Medium,Medium
ZAF,2014,39,49.1523232928272,Medium,Medium
ZAF,2015,39,48.7990029202642,Medium,Medium
ZAF,2016,39,49.8229257299639,Medium,Medium
ZAF,2017,40,48.9889050305956,Medium,Medium
ZAF,2018,39,48.6470247595064,Medium,Medium
ZAF,2019,39,48.6683579884858,Medium,Medium
ZAF,2020,38,48.5609466165802,Medium,Medium
ZAF,2021,39,48.8499888062594,Medium,Medium
ZAF,2022,39,48.5679363420066,Medium,Medium
ZAF,2023,40,48.5679363420066,Medium,Medium
ZAF,2024,40,48.5679363420066,Medium,Medium
ZAF,2025,39,48.5679363420066,Medium,Medium
ZMB,1995,43,40.6349590000077,Medium,High
ZMB,1996,43,40.6161417518697,Medium,High
ZMB,1997,43,40.764331624455,Medium,High
ZMB,1998,43,40.7354131551773,Medium,High
ZMB,1999,43,40.7892684198238,Medium,High
ZMB,2000,43,40.8092572060706,Medium,High
ZMB,2001,43,40.8155116082608,Medium,High
ZMB,2002,43,39.8892767533962,Medium,Very high
ZMB,2003,43,40.7171365114441,Medium,High
ZMB,2004,43,40.1638870676497,Medium,High
ZMB,2005,43,39.8488661629642,Medium,Very high
ZMB,2006,43,39.678421503211,Medium,Very high
ZMB,2007,43,39.9642523015512,Medium,Very high
ZMB,2008,43,40.3865592730387,Medium,High
ZMB,2009,43,40.2640994431689,Medium,High
ZMB,2010,43,39.9073329300199,Medium,Very high
ZMB,2011,43,40.4023185555783,Medium,High
ZMB,2012,43,40.7712668628485,Medium,High
ZMB,2013,43,40.8979381049905,Medium,High
ZMB,2014,43,41.5733820146697,Medium,High
ZMB,2015,43,41.0066139714332,Medium,High
ZMB,2016,43,41.7673456861477,Medium,High
ZMB,2017,42,41.7821049282091,Medium,High
ZMB,2018,42,41.8305960825109,Medium,High
ZMB,2019,43,41.7180348836542,Medium,High
ZMB,2020,42,41.4434304259272,Medium,High
ZMB,2021,41,41.6937293657666,Medium,High
ZMB,2022,41,42.1193426929933,Medium,High
ZMB,2023,42,42.1193426929933,Medium,High
ZMB,2024,42,42.1193426929933,Medium,High
ZMB,2025,42,42.1193426929933,Medium,High
ZWE,1995,48,38.4387001638578,Medium,Very high
ZWE,1996,48,38.2250034448279,Medium,Very high
ZWE,1997,48,38.0564832710152,Medium,Very high
ZWE,1998,48,37.8035786630788,Medium,Very high
ZWE,1999,48,36.7937361622064,Medium,Very high
ZWE,2000,48,35.681114903515,Medium,Very high
ZWE,2001,48,35.2772325523784,Medium,Very high
ZWE,2002,48,34.6203213046636,Medium,Very high
ZWE,2003,48,34.6955735122499,Medium,Very high
ZWE,2004,48,34.341652609755,Medium,Very high
ZWE,2005,48,33.9299408054863,Medium,Very high
ZWE,2006,48,33.6312879180743,Medium,Very high
ZWE,2007,48,33.6440239592992,Medium,Very high
ZWE,2008,48,32.9157352942724,Medium,Very high
ZWE,2009,48,32.8132650991175,Medium,Very high
ZWE,2010,48,32.1518799537904,Medium,Very high
ZWE,2011,48,32.5559960009652,Medium,Very high
ZWE,2012,48,33.3106417614659,Medium,Very high
ZWE,2013,48,33.356616791639,Medium,Very high
ZWE,2014,48,33.6119950070579,Medium,Very high
ZWE,2015,48,33.9285028919679,Medium,Very high
ZWE,2016,48,34.5462283912415,Medium,Very high
ZWE,2017,48,34.7683478062724,Medium,Very high
ZWE,2018,47,35.1966490061646,Medium,Very high
ZWE,2019,48,35.5047822889323,Medium,Very high
ZWE,2020,48,35.5579826489133,Medium,Very high
ZWE,2021,48,35.8767703196555,Medium,Very high
ZWE,2022,48,36.214471512462,Medium,Very high
ZWE,2023,48,36.214471512462,Medium,Very high
ZWE,2024,48,36.214471512462,Medium,Very high
ZWE,2025,48,36.214471512462,Medium,Very high
